time,lat,lon,area,lst_day,lst_night,evi,class
2018-06-26,33.40885416366645,-117.076049505619,13738155.090966346,307.4875,289.22875,0.216975,no_fire
2018-06-26,36.14166666342105,-118.23665371638191,12020885.704595553,305.82000000000005,283.66285714285715,0.2429571428571429,no_fire
2018-06-26,41.05574146612935,-121.92355077474474,545233030.1727269,300.7171023622047,291.5319370078741,0.3985037795275591,no_fire
2018-06-26,35.721354163458784,-118.66032887532644,41214465.27289904,310.8870833333333,290.7420833333333,0.2650875,no_fire
2018-06-26,37.484083329967156,-120.41142624445592,85863469.31853966,317.2914,294.0682,0.202601,no_fire
2018-07-04,36.06749999676104,-121.28697268401268,4293173.465926983,314.836,290.684,0.22653,no_fire
2018-07-04,35.52499999680976,-118.55510234895168,5151808.15911238,307.93,291.18,0.36225,no_fire
2018-07-04,38.90916666317252,-122.60497994059165,60104428.52297776,310.032,290.41485714285716,0.2486814285714286,no_fire
2018-07-04,39.88541666308485,-121.55269390618376,3434538.7727415864,302.89,288.89,0.38775,no_fire
2018-07-04,41.20138888518889,-122.69458748704723,2575904.07955619,298.92,287.41333333333336,0.31621666666666665,no_fire
2018-07-12,41.746354162917726,-120.65592406518566,41214465.27289904,316.22541666666666,293.34458333333333,0.12062500000000002,no_fire
2018-07-12,38.314166663225954,-122.35917211893562,8586346.931853967,306.608,287.3180000000001,0.3109000000000001,no_fire
2018-07-12,36.95972221890313,-120.5429242126608,2575904.07955619,306.62,294.3533333333333,0.5546333333333333,no_fire
2018-07-12,41.09388888519854,-120.04213905497222,25759040.7955619,312.67333333333335,290.6273333333333,0.16734666666666664,no_fire
2018-07-12,41.458333329610255,-122.65589819508533,10303616.31822476,306.5733333333334,292.0316666666667,0.3022,no_fire
2018-07-20,35.537499996808634,-118.58125483030649,3434538.7727415864,315.63000000000005,294.755,0.2152875,no_fire
2018-07-20,40.61583332968592,-123.00779803176307,25759040.7955619,307.83466666666664,295.5660000000001,0.4242266666666667,no_fire
2018-07-20,41.44153225434295,-123.40382163376208,26617675.48874729,304.46129032258074,294.08580645161294,0.3854274193548387,no_fire
2018-07-20,33.94999999695119,-117.86762040197316,8586346.931853967,316.324,292.1760000000001,0.150365,no_fire
2018-07-20,40.88020832966217,-121.86217043898802,6869077.545483173,305.11,291.0925,0.4213875,no_fire
2018-07-28,37.148863633027574,-120.79432862080586,9444981.625039363,311.36909090909086,290.8654545454546,0.31122727272727274,no_fire
2018-07-28,34.25249999692403,-118.2188967199475,34345387.72741587,311.8180000000001,294.098,0.24525500000000003,no_fire
2018-07-28,36.62583333004422,-118.74359208613356,4293173.465926983,302.916,287.408,0.28168000000000004,no_fire
2018-07-28,40.3397727236501,-121.57035870930008,18889963.250078727,301.74363636363637,288.0190909090909,0.32464090909090915,no_fire
2018-07-28,36.49249999672286,-121.57599955155649,4293173.465926983,314.72,290.796,0.20646,no_fire
2018-08-05,39.039880948875066,-121.36314155603253,6010442.852297776,314.32000000000005,293.55428571428575,0.16767142857142855,no_fire
2018-08-05,36.99198717616519,-118.79308323796988,11162251.011410156,302.4476923076923,285.98615384615385,0.25158846153846154,no_fire
2018-08-05,36.19999999674914,-120.99159671739285,13738155.090966346,322.175,285.7725000000001,0.16400312500000006,no_fire
2018-08-05,40.37603134950943,-121.20099603750113,86722104.01172505,303.08059405940594,288.04,0.2845460396039604,no_fire
2018-08-05,39.965681814592784,-121.30741739581805,47224908.12519682,304.4600000000001,289.95236363636366,0.3676372727272727,no_fire
2018-08-13,36.17430555230701,-118.86098519432177,41214465.27289904,314.8541666666667,296.51416666666665,0.17366250000000005,no_fire
2018-08-13,35.8765415108197,-119.20215257628557,234407271.2396133,311.8647619047619,293.8276923076923,0.3137948717948718,no_fire
2018-08-13,34.19097221915178,-114.99982564838874,10303616.31822476,330.085,306.8783333333334,0.054275,no_fire
2018-08-13,35.052651512003685,-116.12095209532072,9444981.625039363,327.4618181818182,304.3036363636364,0.07751818181818182,no_fire
2018-08-13,35.71020029352903,-119.27205195761127,289359891.60347867,311.98534124629083,294.8569732937685,0.30955133531157275,no_fire
2018-08-21,36.48083333005725,-121.09130618071892,8586346.931853967,310.744,286.51200000000006,0.158605,no_fire
2018-08-21,38.16349999657282,-119.29676897254387,21465867.32963492,305.8008000000001,283.088,0.19773000000000004,no_fire
2018-08-21,34.27499999692201,-117.70217749719588,5151808.15911238,303.99333333333334,289.2233333333333,0.2691333333333333,no_fire
2018-08-21,37.868749996599284,-120.1991578858662,3434538.7727415864,308.74,288.92,0.2434,no_fire
2018-08-21,39.48249999645436,-121.27090380329271,25759040.7955619,300.52866666666665,288.71666666666675,0.37426,no_fire
2018-08-29,39.524833329783895,-120.8721410304115,85863469.31853966,300.2062,289.17980000000006,0.370859,no_fire
2018-08-29,36.897916663353136,-121.68526981044249,3434538.7727415864,301.63,287.04,0.242325,no_fire
2018-08-29,38.9298611076151,-121.24902474418842,20607232.63644952,309.18083333333334,290.1375,0.2695125,no_fire
2018-08-29,39.25208332980839,-123.21312114355379,3434538.7727415864,305.35,288.79,0.2828,no_fire
2018-08-29,39.14166666315163,-123.384951060179,5151808.15911238,297.48333333333335,287.5566666666667,0.4475333333333334,no_fire
2018-09-06,40.82574999633373,-121.68936126472302,85863469.31853966,299.78,286.7332,0.274255,no_fire
2018-09-06,37.22452829854392,-122.27622719721872,182030554.95530412,296.6212264150943,286.5811320754717,0.3686391509433962,no_fire
2018-09-06,37.89217479334515,-120.1959273012266,35204022.42060126,309.9209756097561,291.9390243902439,0.2282634146341464,no_fire
2018-09-06,39.57026972269446,-123.673276448696,177737381.4893771,292.2227053140097,284.8130434782608,0.41903840579710144,no_fire
2018-09-06,36.81083333002762,-120.59692872486595,17172693.863707934,316.915,289.42500000000007,0.13612000000000002,no_fire
2018-09-14,39.38367485985121,-121.4876091651362,52376716.28430919,308.06524590163934,286.9711475409836,0.18837704918032788,no_fire
2018-09-14,37.91901851511329,-121.1218834342152,193192805.96671423,305.69795555555555,287.43564444444445,0.2979577777777778,no_fire
2018-09-14,32.759722219280306,-114.57153367552507,2575904.07955619,320.0,299.0133333333333,0.1071,no_fire
2018-09-14,38.59999999653361,-120.27302756309625,5151808.15911238,295.5566666666667,282.93333333333334,0.2636833333333333,no_fire
2018-09-14,40.0263888852944,-123.13481646298945,2575904.07955619,295.6666666666667,282.24666666666667,0.32820000000000005,no_fire
2018-09-22,39.84166666308877,-120.19452744451729,5151808.15911238,308.91,282.08666666666664,0.17313333333333333,no_fire
2018-09-22,38.705833329857434,-123.06927101655556,8586346.931853967,303.9960000000001,287.654,0.29106,no_fire
2018-09-22,37.906547615643504,-121.02282709983399,6010442.852297776,307.58,287.07428571428574,0.2739214285714286,no_fire
2018-09-22,36.80719696639158,-120.87766129334965,9444981.625039363,319.0054545454545,289.8381818181818,0.11802727272727273,no_fire
2018-09-22,39.10833332982129,-122.37613470969342,12020885.704595553,311.27714285714285,290.41285714285715,0.1629285714285714,no_fire
2018-09-30,37.61428571090784,-120.59444502844586,12020885.704595553,301.41,288.4428571428572,0.17195000000000002,no_fire
2018-09-30,39.19391025289054,-121.64457176798031,11162251.011410156,300.1215384615385,288.49230769230775,0.2866230769230769,no_fire
2018-09-30,40.047282605099284,-123.51869064314064,19748597.943264127,294.148695652174,279.2991304347826,0.2576391304347826,no_fire
2018-09-30,38.467499996545506,-121.30976663780821,4293173.465926983,303.784,287.116,0.20218000000000005,no_fire
2018-09-30,38.26805555211898,-120.59523087115002,2575904.07955619,298.92,284.81333333333333,0.2342333333333333,no_fire
2018-10-08,36.259166663410504,-121.58388754807041,4293173.465926983,296.928,286.372,0.31276000000000004,no_fire
2018-10-08,41.74999999625072,-121.7993901773987,42931734.65926983,292.8468000000001,273.668,0.20786300000000005,no_fire
2018-10-08,38.423055552105055,-121.6385749451906,38638561.19334285,301.42400000000004,286.0728888888889,0.2078666666666667,no_fire
2018-10-08,36.87477389849733,-119.39243228688014,110763875.42091615,304.9336434108527,287.21317829457365,0.15692325581395347,no_fire
2018-10-08,40.638541663017214,-123.81533497023906,6869077.545483173,295.2575,284.915,0.30488750000000003,no_fire
2018-10-16,37.65265747693365,-121.1558964749716,327139818.10363615,300.98031496062987,283.314908136483,0.2713375328083989,no_fire
2018-10-16,41.516369043890755,-122.3454825056256,48083542.81838221,297.4792857142857,280.0078571428572,0.14191785714285715,no_fire
2018-10-16,33.19934210228177,-115.25644143672113,16314059.170522535,310.15263157894736,292.0473684210526,0.0430421052631579,no_fire
2018-10-16,36.35916666340151,-118.66659339499971,4293173.465926983,285.54,274.356,0.19086000000000006,no_fire
2018-10-16,38.28399122463216,-120.74667564015392,16314059.170522535,302.3978947368421,284.36105263157896,0.2174052631578948,no_fire
2018-10-24,39.188194440925244,-123.10193394774132,20607232.63644952,292.6225,282.7750000000001,0.2743520833333333,no_fire
2018-10-24,37.068749996671116,-121.03191671149791,3434538.7727415864,298.915,287.06,0.06627500000000001,no_fire
2018-10-24,37.39999999664137,-121.07972021237845,5151808.15911238,302.9566666666667,284.5266666666667,0.19049166666666664,no_fire
2018-10-24,41.343749996287215,-122.85884463462308,3434538.7727415864,287.73,282.355,0.20262500000000006,no_fire
2018-10-24,38.63035713938803,-120.87915396791401,18031328.55689333,297.8752380952382,283.8714285714285,0.23330952380952386,no_fire
2018-11-01,41.88154761528653,-123.79950627782507,6010442.852297776,285.26857142857136,280.5285714285714,0.4084857142857144,no_fire
2018-11-01,37.527596614987395,-118.36619318551372,118491587.65958472,302.05884057971014,279.7855072463768,0.07100072463768117,no_fire
2018-11-01,34.948511901623434,-120.21865907298208,24041771.409191106,304.23428571428576,288.4857142857143,0.18018928571428566,no_fire
2018-11-01,41.635119043880096,-122.83125705222095,6010442.852297776,288.52285714285716,276.0857142857144,0.20288571428571428,no_fire
2018-11-01,35.677822577441184,-119.07492337403136,26617675.48874729,300.5606451612904,283.88129032258064,0.1792806451612903,no_fire
2018-11-09,38.37838541322018,-119.45285979045292,549526203.6386539,286.278875,266.52006250000005,0.162891171875,no_fire
2018-11-09,34.857051278921034,-119.17258850041588,89298008.09128125,289.26461538461535,277.81615384615384,0.19074375,no_fire
2018-11-09,37.235995367026476,-121.33247655344364,61821697.90934856,295.96277777777783,278.1086111111111,0.17584027777777778,no_fire
2018-11-09,40.534722218582104,-122.74838707122858,2575904.07955619,290.0733333333333,279.9533333333333,0.32688333333333336,no_fire
2018-11-09,35.15776514835789,-120.59347887308105,37779926.50015745,300.28454545454554,281.3881818181818,0.1960193181818182,no_fire
2018-11-17,41.26749999629407,-121.49791921661402,4293173.465926983,284.188,273.40400000000005,0.34312000000000004,no_fire
2018-11-17,39.124999996486466,-120.35873394438822,5151808.15911238,285.50333333333333,274.1933333333333,0.26633333333333337,no_fire
2018-11-17,39.781944440871904,-123.43140506921928,20607232.63644952,286.73333333333335,281.50333333333333,0.3320041666666667,no_fire
2018-11-17,40.08842592232588,-121.37315293458951,30910848.95467428,282.4705555555555,273.6922222222222,0.3040166666666667,no_fire
2018-11-17,39.192884611864976,-120.5642508767913,55811255.05705078,288.05999999999995,277.6575384615385,0.26181692307692306,no_fire
2018-11-25,36.27249999674263,-121.73798682068515,8586346.931853967,286.158,278.33000000000004,0.24267,no_fire
2018-11-25,34.259166663590086,-116.19988137112504,4293173.465926983,295.572,280.444,0.1054,no_fire
2018-11-25,39.748333329763824,-121.14140539730444,8586346.931853967,276.824,275.092,0.36407,no_fire
2018-11-25,34.398148145059096,-115.293595794753,30910848.95467428,298.4011111111111,279.9994444444444,0.07767777777777779,no_fire
2018-11-25,35.72656249679165,-121.18196487840622,82428930.54579808,287.763125,280.8052083333334,0.2328192708333333,no_fire
2018-12-03,36.741666663367155,-120.5557569663018,10303616.31822476,288.86000000000007,278.2933333333334,0.07905,no_fire
2018-12-03,39.32321428218295,-123.63072343563508,6010442.852297776,284.00857142857143,279.54,0.4772142857142858,no_fire
2018-12-03,39.74083332976449,-121.76329019698916,4293173.465926983,287.668,278.01200000000006,0.21188,no_fire
2018-12-03,39.5261178826293,-122.35854045363531,35204022.42060126,287.97414634146344,277.0580487804878,0.19938536585365854,no_fire
2018-12-03,39.89583332975057,-123.4223349352272,24041771.409191106,283.5828571428571,277.01714285714286,0.18266428571428567,no_fire
2018-12-11,36.70568181488553,-119.02635600099009,9444981.625039363,286.0509090909091,277.53636363636366,0.2354090909090909,no_fire
2018-12-11,36.77583333003078,-118.913117702698,4293173.465926983,280.23600000000005,273.64400000000006,0.25270000000000004,no_fire
2018-12-11,34.904656859610554,-116.86237429501949,29193579.568303484,291.42,275.76411764705887,0.07527794117647059,no_fire
2018-12-11,36.679166663372776,-120.59022059438192,7727712.238668568,287.62666666666667,276.98,0.12802222222222226,no_fire
2018-12-11,37.18032945402543,-121.63206222770776,36921291.80697206,288.3967441860465,279.59395348837205,0.20442325581395349,no_fire
2018-12-19,34.209615381543266,-117.7014755722224,22324502.022820316,289.59307692307704,280.7192307692308,0.2624346153846154,no_fire
2018-12-19,33.61651234266016,-117.42974658758186,69549410.14801712,291.5118518518518,281.62790123456784,0.1942395061728395,no_fire
2018-12-19,34.4614583302386,-115.46672573566721,6869077.545483173,291.6925,278.61,0.079075,no_fire
2018-12-19,37.32708332998126,-122.33496440892712,3434538.7727415864,287.97,280.01,0.25015,no_fire
2018-12-19,40.22499999638768,-121.99618350243642,5151808.15911238,284.86,276.5466666666667,0.17898333333333336,no_fire
2018-12-27,37.102083330001456,-121.70945196039771,3434538.7727415864,284.845,276.48,0.23868269230769235,no_fire
2018-12-27,36.553749996717364,-120.03217638333159,17172693.863707934,284.329,272.35299999999995,0.17601384615384616,no_fire
2018-12-27,40.299999996380954,-121.78732183238549,3434538.7727415864,279.94500000000005,270.64,0.26936730769230777,no_fire
2018-12-27,39.809166663091695,-122.19015310088785,4293173.465926983,285.70799999999997,274.95200000000006,0.24893384615384614,no_fire
2018-12-27,39.32583332980176,-122.31091668563957,4293173.465926983,284.996,275.884,0.2590769230769231,no_fire
2019-01-01,36.091185894194815,-121.2119792787866,44649004.04564063,285.04961538461544,276.35346153846154,0.1970019230769231,no_fire
2019-01-01,38.57499999653586,-121.08923084481172,3434538.7727415864,284.85,274.46500000000003,0.281325,no_fire
2019-01-01,37.61233332995564,-121.10458425256806,42931734.65926983,282.7872,273.50360000000006,0.23906,no_fire
2019-01-01,37.36458332997788,-118.5428569367877,6869077.545483173,277.48,264.3175,0.08475,no_fire
2019-01-01,36.34802631252532,-120.15594201429842,16314059.170522535,288.35894736842096,270.91263157894736,0.07675263157894738,no_fire
2019-01-09,34.910416663531606,-118.65161378896907,3434538.7727415864,284.7150000000001,276.595,0.2203125,no_fire
2019-01-09,34.731547615928626,-120.16512075560728,6010442.852297776,288.80857142857144,279.8657142857143,0.28860714285714284,no_fire
2019-01-09,33.251785711299604,-116.84052763657499,6010442.852297776,285.26857142857153,277.7685714285714,0.2352285714285715,no_fire
2019-01-09,34.127083330268626,-114.95898542526429,3434538.7727415864,292.2700000000001,280.43000000000006,0.08930000000000002,no_fire
2019-01-09,33.6937499969742,-116.03862303221472,3434538.7727415864,297.37,281.8,0.1032,no_fire
2019-01-17,34.325332307755936,-119.1222136925364,139957454.98921964,290.6860122699387,281.19349693251536,0.3178141104294479,no_fire
2019-01-17,36.05624999676205,-119.38122059184822,3434538.7727415864,288.3400000000001,279.66,0.440975,no_fire
2019-01-17,37.746874996610224,-120.62405252168614,6869077.545483173,287.5175,278.27500000000003,0.39915,no_fire
2019-01-17,39.04746376460937,-121.34384525301658,39497195.88652825,287.58043478260873,278.24304347826086,0.2470869565217392,no_fire
2019-01-17,38.494999996543044,-121.16759896203727,17172693.863707934,286.944,277.972,0.3135100000000001,no_fire
2019-01-25,38.94027777428083,-121.13023238528623,5151808.15911238,290.0200000000001,279.0033333333334,0.29815,no_fire
2019-01-25,38.98472221872128,-122.80362413691387,2575904.07955619,288.0333333333333,279.09333333333336,0.2531666666666667,no_fire
2019-01-25,35.82010869243542,-117.62336985558132,19748597.943264127,291.1521739130436,276.3939130434784,0.0694804347826087,no_fire
2019-01-25,36.619642853854316,-120.93520028287756,30052214.26148888,290.284,278.03085714285714,0.4161014285714286,no_fire
2019-01-25,38.25083332989829,-121.37383325826788,4293173.465926983,286.8160000000001,278.052,0.33319,no_fire
2019-02-02,38.94669913070162,-122.4224497539673,66114871.37527554,281.43584415584417,273.1483116883116,0.21338571428571432,no_fire
2019-02-02,34.009722219168054,-114.7194327106837,15455424.47733714,293.9811111111111,277.6388888888889,0.11445555555555555,no_fire
2019-02-02,40.224166663054426,-122.53821531463586,4293173.465926983,284.46400000000006,269.316,0.24214,no_fire
2019-02-02,33.766666663634325,-114.78397532607174,17172693.863707934,295.457,277.363,0.11469500000000002,no_fire
2019-02-02,37.09775640692493,-119.54500700092736,22324502.022820316,283.70769230769235,271.9315384615385,0.2877615384615385,no_fire
2019-02-10,35.08290229570003,-119.00115741654943,24900406.102376506,289.5172413793104,275.91655172413795,0.1390206896551724,no_fire
2019-02-10,38.52708332987349,-121.06714551919191,3434538.7727415864,286.725,274.48,0.3753625,no_fire
2019-02-10,37.295416663317425,-120.87242367370949,17172693.863707934,285.8370000000001,275.35200000000003,0.369295,no_fire
2019-02-10,37.27083332998632,-120.36156208555228,6010442.852297776,286.02,276.2171428571429,0.3059642857142857,no_fire
2019-02-10,36.093287033795754,-118.87053887040005,30910848.95467428,286.495,273.79388888888883,0.43005277777777773,no_fire
2019-02-18,40.43472221859106,-123.97799193554407,2575904.07955619,279.64000000000004,274.70000000000005,0.31020000000000003,no_fire
2019-02-18,34.56944444134002,-115.03583242540523,15455424.47733714,289.35000000000014,273.12444444444446,0.13943333333333335,no_fire
2019-02-18,37.9336538427473,-122.61257137596479,11162251.011410156,282.19846153846163,276.53846153846155,0.2959846153846154,no_fire
2019-02-18,36.677777774484014,-120.61257679176836,61821697.90934856,288.9730555555555,275.64277777777784,0.20641250000000005,no_fire
2019-02-18,36.829166663359295,-120.8574682813542,7727712.238668568,288.4111111111111,273.8311111111111,0.3773444444444444,no_fire
2019-02-26,33.27291666367866,-115.47622124812094,3434538.7727415864,305.93,285.82000000000005,0.105425,no_fire
2019-02-26,32.968055552594926,-115.75811019507307,2575904.07955619,306.74666666666667,285.5466666666667,0.10238333333333334,no_fire
2019-02-26,33.314880949389185,-115.3793474150043,6010442.852297776,303.4600000000001,283.6771428571429,0.11154285714285717,no_fire
2019-02-26,34.41666666357595,-115.86446873641675,13738155.090966346,301.05499999999995,284.585,0.098203125,no_fire
2019-02-26,34.18916666359639,-116.13357755519917,8586346.931853967,300.264,280.98,0.13167,no_fire
2019-03-06,39.39791666312863,-123.19935996164608,6869077.545483173,283.535,274.6675,0.259725,no_fire
2019-03-06,34.597182536575616,-120.54195553190685,90156642.78446664,288.85352380952384,279.49333333333334,0.36920476190476204,no_fire
2019-03-06,36.45297618720261,-121.66587363988464,6010442.852297776,288.59714285714284,278.45714285714286,0.38051428571428575,no_fire
2019-03-06,39.073863632854696,-122.60372089944136,9444981.625039363,288.47636363636366,275.50181818181807,0.184,no_fire
2019-03-06,34.45059523500148,-119.44112472102707,12020885.704595553,289.79571428571427,277.5528571428572,0.3661071428571429,no_fire
2019-03-14,34.94097221908442,-117.31241130594748,10303616.31822476,299.71166666666664,277.84666666666664,0.2007833333333333,no_fire
2019-03-14,38.543749996538665,-120.6157388498782,3434538.7727415864,288.24,277.47,0.297225,no_fire
2019-03-14,38.58399122460523,-120.85498797297352,16314059.170522535,293.47473684210536,280.65473684210525,0.3282631578947369,no_fire
2019-03-14,33.00694444148032,-115.2625778719523,18031328.55689333,312.75809523809517,285.40380952380946,0.1010095238095238,no_fire
2019-03-14,39.199679483659246,-121.83571437581458,11162251.011410156,295.0815384615384,281.5723076923077,0.4373269230769232,no_fire
2019-03-22,35.14198717633133,-116.71447040917678,11162251.011410156,305.5,282.0815384615385,0.10074615384615383,no_fire
2019-03-22,36.37638888562217,-121.82690030140381,15455424.47733714,288.3933333333334,278.6933333333333,0.2422333333333333,no_fire
2019-03-22,39.46949999645553,-122.44216909309246,21465867.32963492,290.5824,279.3592,0.33962400000000004,no_fire
2019-03-22,37.906944441040295,-118.44842116344921,2575904.07955619,296.5,269.50666666666666,0.08186666666666666,no_fire
2019-03-22,37.641666663286344,-119.86236350512668,5151808.15911238,289.87,278.8233333333333,0.11758333333333335,no_fire
2019-03-30,39.70520832976771,-123.6189780760617,6869077.545483173,288.55500000000006,277.375,0.4057625,no_fire
2019-03-30,40.415674599545156,-122.64873549246609,18031328.55689333,297.9542857142858,279.6971428571428,0.34055714285714284,no_fire
2019-03-30,33.41527777477699,-115.24668364941604,10303616.31822476,309.1766666666667,286.42333333333335,0.0899625,no_fire
2019-03-30,36.94999999668179,-120.52753702352241,5151808.15911238,303.8400000000001,281.5933333333333,0.315125,no_fire
2019-03-30,40.97024370701258,-121.9513390012905,364061109.91060823,288.2430188679245,276.90915094339624,0.2728008254716981,no_fire
2019-04-07,40.2552083297183,-122.18302470313965,6869077.545483173,293.01,281.06499999999994,0.3149500000000001,no_fire
2019-04-07,38.84305555206734,-121.26412606641392,2575904.07955619,300.9866666666667,283.8666666666667,0.27390000000000003,no_fire
2019-04-07,36.40972221895253,-118.95569582736941,2575904.07955619,296.2999999999999,283.84666666666664,0.3765000000000001,no_fire
2019-04-07,36.61749999671164,-121.81434853885864,4293173.465926983,295.8760000000001,282.748,0.26106,no_fire
2019-04-07,38.85138888539992,-122.91551672818859,2575904.07955619,290.55333333333334,281.24,0.3229666666666667,no_fire
2019-04-15,37.27708332998575,-119.92870724938363,3434538.7727415864,300.9,285.315,0.3192625,no_fire
2019-04-15,34.17652953279583,-116.88480072494512,67832140.76164633,294.14430379746835,277.5908860759494,0.24220949367088604,no_fire
2019-04-15,36.79166666336267,-120.83990929263584,17172693.863707934,309.81,286.4070000000001,0.2274725,no_fire
2019-04-15,34.34305555247145,-118.31571245519596,2575904.07955619,301.6333333333334,281.86,0.29305,no_fire
2019-04-15,38.44053029957824,-121.99931992608771,9444981.625039363,299.8654545454546,285.83272727272725,0.4195,no_fire
2019-04-23,40.873214282043755,-123.922743757102,6010442.852297776,291.57142857142856,281.5857142857143,0.4371,no_fire
2019-04-23,35.63384146021461,-119.14770911472681,35204022.42060126,310.62439024390244,289.6160975609756,0.35271951219512204,no_fire
2019-04-23,39.16666666314939,-123.11709299094255,5151808.15911238,298.69666666666666,286.3333333333333,0.3255333333333334,no_fire
2019-04-23,36.75979729399617,-119.22155567111231,31769483.647859674,303.57351351351343,289.37945945945944,0.3658648648648649,no_fire
2019-04-23,38.64166666319654,-120.52429827717368,5151808.15911238,297.0433333333333,285.12000000000006,0.29861666666666664,no_fire
2019-05-01,39.88020832975198,-121.59911536569794,6869077.545483173,293.7675000000001,282.545,0.3823562500000001,no_fire
2019-05-01,39.33365384262157,-120.87209739222715,11162251.011410156,292.86,282.59538461538466,0.3504307692307692,no_fire
2019-05-01,40.45871211757882,-121.9861157330252,28334944.87511809,303.2757575757576,285.56606060606066,0.3318242424242425,no_fire
2019-05-01,34.179166663597286,-117.87387621563705,7727712.238668568,295.13777777777784,284.1844444444444,0.3613333333333333,no_fire
2019-05-01,39.669642853580406,-120.92629089828243,6010442.852297776,290.14857142857136,278.39142857142855,0.3020642857142857,no_fire
2019-05-09,35.658964643262365,-120.46741342413816,28334944.87511809,310.30424242424243,284.72121212121215,0.2264151515151515,no_fire
2019-05-09,39.3591666631321,-121.57169460487827,4293173.465926983,307.968,288.884,0.29336,no_fire
2019-05-09,37.31553029967925,-120.6949111841332,9444981.625039363,307.84,287.99272727272734,0.3417,no_fire
2019-05-09,39.182196966178296,-123.1364696160415,9444981.625039363,300.65454545454554,286.3872727272728,0.3508272727272728,no_fire
2019-05-09,38.05065789131978,-120.7100122680425,16314059.170522535,306.4842105263158,284.97473684210536,0.3298842105263158,no_fire
2019-05-17,35.085215050612696,-116.24334786873956,106470701.95498918,311.0808064516129,285.89645161290326,0.07390403225806452,no_fire
2019-05-17,32.791666663721884,-115.36275417778792,5151808.15911238,309.96666666666664,287.08,0.3347583333333333,no_fire
2019-05-17,41.95972221845412,-122.32845551026413,2575904.07955619,301.9866666666667,277.88000000000005,0.2971,no_fire
2019-05-17,38.62440475843618,-122.32231733121556,6010442.852297776,297.22285714285715,283.6257142857143,0.27973571428571425,no_fire
2019-05-17,38.873749996509034,-122.13015502601624,17172693.863707934,298.545,283.35299999999995,0.30406999999999995,no_fire
2019-05-25,33.101944441471794,-115.38999771098361,25759040.7955619,307.32866666666666,288.278,0.3875533333333333,no_fire
2019-05-25,37.12934027444346,-120.33764486612284,41214465.27289904,303.0095833333333,287.0133333333333,0.37215,no_fire
2019-05-25,35.737499996790675,-115.55973288385508,1717269.3863707932,316.13,285.22,0.1055,no_fire
2019-05-25,35.756388885677865,-120.56245909129551,12879520.39778095,308.31866666666673,283.5346666666667,0.16561333333333336,no_fire
2019-05-25,39.092045451034885,-121.78612657279274,9444981.625039363,306.0690909090909,291.11272727272734,0.1813636363636364,no_fire
2019-06-02,33.976388885837714,-114.758177756178,2575904.07955619,328.12666666666667,298.4066666666667,0.09045,no_fire
2019-06-02,35.562499996806395,-121.03546139797028,6010442.852297776,299.9428571428571,285.0200000000001,0.3346785714285715,no_fire
2019-06-02,39.672499996437296,-123.72363833454835,8586346.931853967,292.85399999999987,287.80400000000003,0.4348,no_fire
2019-06-02,38.37399424942747,-122.5145979621924,24900406.102376506,302.491724137931,288.4006896551724,0.3177500000000001,no_fire
2019-06-02,39.99851190116992,-120.9103266571958,24041771.409191106,297.3257142857143,286.6092857142857,0.3184892857142857,no_fire
2019-06-10,38.575833329869106,-122.48594929022312,12879520.39778095,305.8213333333333,289.77866666666665,0.3284733333333333,no_fire
2019-06-10,40.85211748267015,-120.4198070107551,52376716.28430919,311.77639344262315,284.39967213114755,0.17052950819672133,no_fire
2019-06-10,33.137499997024165,-116.62132977553794,7727712.238668568,303.36,287.4777777777779,0.3557333333333333,no_fire
2019-06-10,39.44027777423593,-121.3746822996801,15455424.47733714,303.57333333333327,291.1877777777778,0.3069833333333334,no_fire
2019-06-10,40.40916666303781,-122.5723556275119,4293173.465926983,317.204,295.13599999999997,0.20346000000000006,no_fire
2019-06-18,39.623863632805296,-123.60496588386843,9444981.625039363,298.44545454545465,290.0745454545455,0.5236045454545455,no_fire
2019-06-18,35.99166666343451,-120.72533404041785,5151808.15911238,310.7266666666667,287.9066666666667,0.2288333333333333,no_fire
2019-06-18,38.5347222187617,-122.13822674193051,2575904.07955619,304.0733333333333,292.8066666666666,0.2275666666666667,no_fire
2019-06-18,37.19249999666001,-121.072563284522,4293173.465926983,317.84399999999994,292.808,0.20814000000000002,no_fire
2019-06-18,37.56770832995964,-120.20759711321391,20607232.63644952,313.5491666666667,293.6166666666667,0.2009854166666667,no_fire
2019-06-26,41.67583332959072,-123.61563992867404,4293173.465926983,299.408,282.308,0.3160600000000001,no_fire
2019-06-26,35.674166663463026,-119.23995579856751,4293173.465926983,308.716,291.836,0.3883,no_fire
2019-06-26,41.120471010800024,-122.71505683943742,19748597.943264127,296.6417391304348,284.4452173913043,0.3917217391304348,no_fire
2019-06-26,34.273484845407,-116.32204619373579,75559853.0003149,327.65613636363634,295.9125,0.12617045454545456,no_fire
2019-06-26,37.066666663337976,-121.63693364442331,12020885.704595553,308.70714285714286,287.35,0.2992214285714286,no_fire
2018-06-26,36.40654761577821,-119.08415788798499,30052214.26148888,308.0537142857143,293.1828571428571,,fire
2018-06-26,36.665491449698784,-121.31732666290725,33486753.034230467,307.5584615384616,288.80820512820515,,fire
2018-06-26,39.00266666316412,-122.00570419665975,42931734.65926983,309.4408,,,fire
2018-06-26,37.79126343746645,-119.3089784813251,26617675.488747295,304.32451612903225,285.25161290322586,,fire
2018-06-26,41.42760416294635,-121.90909596929173,27476310.18193269,302.388125,286.55562499999996,0.29552500000000004,fire
2018-07-04,36.395138885620504,-119.30434469300626,10303616.31822476,312.3733333333334,294.22499999999997,,fire
2018-07-04,35.89204545132225,-119.12939746473599,9444981.625039363,,294.1763636363636,,fire
2018-07-04,39.37689393585779,-121.69154944884126,9444981.625039363,310.6672727272728,291.67636363636365,0.2955818181818182,fire
2018-07-04,38.16416666323941,-121.14355610943042,8586346.931853967,313.678,289.612,,fire
2018-07-04,38.91130952031518,-121.90108374780296,12020885.704595553,308.5614285714286,291.4942857142857,0.3555214285714286,fire
2018-07-12,34.10544871488595,-116.94709227282877,11162251.011410156,,291.0307692307693,,fire
2018-07-12,34.930555552418696,-120.48493246455112,10303616.31822476,,,,fire
2018-07-12,41.95764388112417,-122.51921650906931,119350222.35277013,322.4858992805756,294.95309352517984,,fire
2018-07-12,38.82999999651296,-122.23809049279504,42931734.65926983,318.7124,297.3196,,fire
2018-07-12,38.583552628114035,-122.14192999601212,16314059.170522535,318.1115789473684,295.59789473684214,,fire
2018-07-20,35.969444441214286,-121.30055810418052,5151808.15911238,319.99000000000007,290.4933333333334,0.17871666666666666,fire
2018-07-20,34.36416666358067,-116.85309233035468,8586346.931853967,,,,fire
2018-07-20,35.12416666351242,-118.58824180269703,4293173.465926983,,,,fire
2018-07-20,36.27222221896488,-119.16104285987142,5151808.15911238,313.6066666666667,297.05,0.3016666666666667,fire
2018-07-20,36.21749999674757,-118.30725891293702,17172693.863707934,,288.75200000000007,,fire
2018-07-28,33.92986110806411,-117.45658174813329,10303616.31822476,,,,fire
2018-07-28,41.64416666292691,-121.83196764442536,8586346.931853967,310.7,287.568,,fire
2018-07-28,37.75520832994281,-121.31351956134289,20607232.63644952,,,,fire
2018-07-28,39.7708333297618,-122.12208432371258,12879520.39778095,,294.992,,fire
2018-07-28,38.88598484499278,-122.25644234114307,9444981.625039363,310.76000000000005,297.74727272727273,,fire
2018-08-05,36.67916666337277,-120.54346207534569,1717269.3863707932,311.52,294.03999999999996,0.33385,fire
2018-08-05,32.84305555260616,-114.48060525783073,2575904.07955619,,,0.24891666666666667,fire
2018-08-05,32.848611108161215,-114.4712394538853,2575904.07955619,,,0.23183333333333334,fire
2018-08-05,32.85972221927133,-114.48226940795584,2575904.07955619,,,,fire
2018-08-05,32.86666666371515,-114.47304445370656,3434538.7727415864,,,0.20561250000000003,fire
2018-08-13,35.64226190156113,-120.46326798795957,6010442.852297776,317.5514285714286,,0.2619,fire
2018-08-13,39.34666666313322,-122.18142000799028,8586346.931853967,304.518,290.82800000000003,,fire
2018-08-13,39.23333332981007,-122.23343641401937,6869077.545483173,307.065,290.6,,fire
2018-08-13,38.40555555210663,-120.98027951630515,5151808.15911238,313.3933333333334,289.6066666666667,0.21841666666666668,fire
2018-08-13,38.172619044191045,-121.35431282692922,12020885.704595553,309.5657142857143,288.7371428571428,,fire
2018-08-21,34.076371948159355,-118.86569062962481,140816089.68240505,,,,fire
2018-08-21,34.12785387821376,-118.80507319109984,125360665.2050679,,,0.20328767123287672,fire
2018-08-21,39.81080622948721,-121.4862812352709,105612067.26180378,300.5746341463414,289.98845528455286,0.37448414634146343,fire
2018-08-21,39.74141790687887,-121.56843999539075,230114097.7736863,,,0.3346837686567164,fire
2018-08-21,39.69751118211738,-121.69278715071904,127936569.2846241,,,,fire
2018-08-29,37.672660815330346,-119.84600789947311,97884355.02313522,310.63192982456144,291.2726315789473,,fire
2018-08-29,37.57157533909172,-119.81932240239651,125360665.2050679,305.90547945205475,290.38849315068495,0.2125527397260274,fire
2018-08-29,40.68860759128276,-122.54173959770515,135664281.52329266,312.60721518987344,,,fire
2018-08-29,40.633624027358735,-122.53930823044816,110763875.42091617,,,,fire
2018-08-29,40.567025858425936,-122.51107787814911,99601624.40950601,,,,fire
2018-09-06,41.43043784938677,-121.06459785205126,101318893.7958768,307.92372881355936,285.3842372881356,,fire
2018-09-06,41.85105931827555,-123.55078358364678,50659446.8979384,,,,fire
2018-09-06,40.983296456496575,-122.27421519440507,97025720.32994981,,291.5975221238938,,fire
2018-09-06,39.495142722051746,-122.69280058158114,155412879.4665568,306.1812154696133,290.3253038674033,,fire
2018-09-06,39.4363425890511,-122.76099009068376,123643395.81869711,306.8306944444445,288.76222222222225,,fire
2018-09-14,39.7608333297627,-121.38164747219201,12879520.39778095,295.17199999999997,286.80933333333337,0.4176066666666666,fire
2018-09-14,39.73935184828315,-121.41629246136627,7727712.238668569,296.73111111111115,288.1044444444444,0.4231888888888889,fire
2018-09-14,36.24398147822667,-118.6501340979183,15455424.477337139,295.7233333333333,285.4288888888889,0.29695555555555564,fire
2018-09-14,36.41083333006354,-118.74029209229265,8586346.931853967,296.318,286.78,0.27508,fire
2018-09-14,36.62980768901823,-120.64393937848135,11162251.011410156,,,0.16494615384615383,fire
2018-09-22,36.002777774544626,-119.0821766695631,5151808.15911238,308.66,,0.2687333333333333,fire
2018-09-22,35.931249996773275,-119.21019642581103,6869077.545483173,307.9325,,0.2514,fire
2018-09-22,36.466666663391855,-119.55421679644239,3434538.7727415864,305.985,,0.29490000000000005,fire
2018-09-22,37.06805555222674,-120.11958532743502,2575904.07955619,305.9733333333333,,0.23301666666666668,fire
2018-09-22,34.267261901684606,-118.99933974575367,6010442.852297776,304.5571428571429,,0.2596428571428572,fire
2018-09-30,37.574856318464754,-119.12460076145734,24900406.102376502,294.19517241379316,,0.18656206896551727,fire
2018-09-30,39.04731481130826,-122.5649528895228,38638561.19334285,299.5897777777778,286.09644444444444,0.14701333333333336,fire
2018-09-30,38.753902950106294,-122.20906774285753,135664281.52329266,,287.5572151898735,0.15028164556962026,fire
2018-09-30,38.55619918352941,-122.10344902054835,70408044.84120253,,,0.1492926829268293,fire
2018-09-30,38.65903755521375,-122.15549059078545,121926126.43232632,301.6870422535211,,,fire
2018-10-08,37.67687499661651,-121.01501904337368,34345387.72741587,,,0.28442,fire
2018-10-08,37.842658726760355,-119.96567150322001,18031328.55689333,296.9895238095238,281.78095238095244,0.2607738095238095,fire
2018-10-08,36.24464285388798,-118.61538365208929,18031328.55689333,286.02285714285716,278.532380952381,,fire
2018-10-08,39.32592592239435,-121.58804455015137,30910848.954674277,,286.00555555555553,0.27613194444444444,fire
2018-10-08,39.78685672157323,-121.53374793177528,244710887.55783802,,,0.3355026315789474,fire
2018-10-16,33.69247448677024,-117.4885640884329,168292399.86433774,,,,fire
2018-10-16,40.82705822926535,-122.53953183751655,285066718.13755167,298.13560240963864,287.0788554216868,0.20176385542168676,fire
2018-10-16,39.240261624383095,-122.72218415466921,590740668.9115529,303.168023255814,284.9800581395349,0.13793808139534885,fire
2018-10-16,38.3737041432844,-119.81878694353453,179454650.8757479,292.415023923445,277.1623923444976,0.16123444976076556,fire
2018-10-16,37.6392543825848,-119.68815552232286,163140591.70522535,296.5994736842105,281.9062105263158,0.18961421052631577,fire
2018-10-24,36.446203700430736,-119.33781663948227,38638561.19334285,298.9408888888889,,,fire
2018-10-24,34.233333330259086,-117.8424148250739,30910848.954674277,,,0.17366666666666666,fire
2018-10-24,40.619117643411116,-123.51091657458673,29193579.568303484,,,0.25620441176470593,fire
2018-10-24,41.82147435521867,-123.57790330193201,33486753.034230467,283.08974358974353,,0.16272820512820516,fire
2018-10-24,41.007425369451745,-122.46525242140697,287642622.2171079,,,0.17551179104477613,fire
2018-11-01,41.41455313637748,-121.0092655716177,118491587.65958473,286.5571014492754,,0.11984710144927538,fire
2018-11-01,41.84875540749728,-123.52071177033353,66114871.37527554,283.565974025974,277.80077922077925,0.18529350649350645,fire
2018-11-01,40.85988635996703,-122.41921689344477,188899632.50078726,290.7386363636364,283.89154545454545,0.2110259090909091,fire
2018-11-01,38.39834905315549,-119.83809374545618,45507638.73882602,289.63320754716983,276.5332075471698,0.17520754716981135,fire
2018-11-01,39.39370481573945,-122.79351028091646,356333397.6719396,294.8499277108434,282.284530120482,0.1457021686746988,fire
2018-11-09,40.86666666299673,-122.6526914947486,3434538.7727415864,286.02,280.01,0.33537500000000003,fire
2018-11-09,38.73888888541002,-120.35522253138593,5151808.15911238,288.1266666666667,,0.3334416666666667,fire
2018-11-09,38.727777774299916,-120.35786689990643,5151808.15911238,288.4766666666667,,0.32075000000000004,fire
2018-11-09,39.26874999647356,-121.76775100664516,3434538.7727415864,,277.435,0.1935375,fire
2018-11-09,34.359166663581114,-118.94278889129082,4293173.465926983,298.136,,0.22449000000000002,fire
2018-11-17,39.8135416630913,-121.83774907421038,6869077.545483173,,280.045,0.22787500000000002,fire
2018-11-17,41.947499996233,-123.54607042343244,8586346.931853967,284.23799999999994,281.27599999999995,0.19668000000000002,fire
2018-11-17,41.27291666296025,-120.11149011666866,10303616.31822476,,,0.12323333333333336,fire
2018-11-17,37.617583854064186,-119.84748202930679,136522916.21647805,,280.5466666666667,0.12792515723270442,fire
2018-11-17,34.19583333026245,-115.80322763882675,6869077.545483173,,,,fire
2018-11-25,38.73333332985497,-122.48065084303094,5151808.15911238,,,0.19912500000000002,fire
2018-11-25,35.84326922755041,-119.20770921639775,11162251.011410156,,,,fire
2018-11-25,36.23854166341234,-119.26767516197349,6869077.545483173,293.6275,279.06500000000005,0.21275000000000002,fire
2018-11-25,36.63472221893232,-119.38695346489523,10303616.31822476,,,0.21012916666666667,fire
2018-11-25,37.46666666330206,-120.49466052094975,3434538.7727415864,287.13,277.99,0.16757500000000003,fire
2018-12-03,35.67986110790696,-119.1369826154845,10303616.31822476,,,,fire
2018-12-03,35.98223683887396,-121.26538534536544,16314059.170522535,,,,fire
2018-12-03,39.68624999643606,-122.13532343043595,17172693.863707934,,,,fire
2018-12-03,37.47962962626385,-121.17246094727815,15455424.477337139,,,,fire
2018-12-03,36.5800925893076,-120.00116893402993,15455424.477337139,288.28888888888895,,,fire
2018-12-11,39.06249999649208,-121.67094192689258,8586346.931853967,,277.996,,fire
2018-12-11,39.70277777421236,-121.89288368742707,10303616.31822476,,,0.19691666666666666,fire
2018-12-11,39.25277777425277,-122.99372967244304,5151808.15911238,285.0333333333333,,0.08162499999999999,fire
2018-12-11,37.90416666326277,-121.20486677935459,6869077.545483173,,,,fire
2018-12-11,35.59513888569235,-119.18070226161738,10303616.31822476,,277.21,,fire
2018-12-19,39.70019840913322,-122.21248378022952,18031328.55689333,285.30857142857144,,,fire
2018-12-19,39.96249999641126,-122.22780617041292,5151808.15911238,285.75333333333333,279.03,,fire
2018-12-19,36.15773809199103,-119.03866477714577,6010442.852297776,,,,fire
2018-12-19,36.91388888557392,-120.15603208214779,5151808.15911238,,278.2766666666667,,fire
2018-12-19,37.6354166632869,-121.45529216092524,10303616.31822476,,279.9533333333333,0.2107916666666667,fire
2018-12-27,41.56249999626757,-122.38286510514023,858634.6931853966,,,0.1593,fire
2018-12-27,41.55416666293499,-122.37822171743477,858634.6931853966,,268.32,0.1826,fire
2018-12-27,36.845833330024476,-118.19194648180493,1717269.3863707932,,,,fire
2018-12-27,36.14583333008734,-119.01691028116362,1717269.3863707932,285.57,274.8,0.2781269230769231,fire
2018-12-27,36.137499996754755,-119.01458735378286,1717269.3863707932,285.47,274.75,0.3279923076923077,fire
2019-01-01,35.54861110791875,-119.21819511928449,2575904.07955619,286.84,273.18666666666667,,fire
2019-01-01,36.666666663373896,-120.65893891944509,5151808.15911238,285.1766666666667,274.0233333333333,0.23776666666666668,fire
2019-01-01,36.59861110782445,-119.90713675569113,2575904.07955619,285.22,271.5333333333333,0.15626666666666666,fire
2019-01-01,36.54166666338512,-120.00200429173861,3434538.7727415864,,271.77500000000003,0.144375,fire
2019-01-01,37.75416666327623,-120.9824391602796,2575904.07955619,283.44666666666666,275.7,0.18413333333333334,fire
2019-01-09,40.85416666299785,-121.9409573205349,1717269.3863707932,282.77,274.49,0.275725,fire
2019-01-09,36.779166663363796,-120.66933650484246,1717269.3863707932,288.77,279.15,0.20790000000000003,fire
2019-01-09,36.51805555227613,-120.36285997396388,2575904.07955619,290.73333333333335,280.40000000000003,,fire
2019-01-09,36.64999999670872,-119.63568285357549,1717269.3863707932,,,,fire
2019-01-09,37.02499999667505,-120.20281943770676,1717269.3863707932,285.53,281.28,0.21125,fire
2019-01-17,41.838596487470845,-123.61735422363486,32628118.34104507,,,,fire
2019-01-17,40.95833332965516,-122.58676561161668,41214465.27289904,277.3958333333333,,,fire
2019-01-17,39.44861110756852,-121.89581937528916,7727712.238668569,,279.4533333333333,0.1668666666666667,fire
2019-01-17,39.14821428219866,-121.76105971256398,18031328.55689333,,,,fire
2019-01-17,36.551893936111476,-119.40583757886719,9444981.625039363,,,,fire
2019-01-25,40.67451176734785,-122.63621677301117,534929413.8545021,,,,fire
2019-01-25,40.62586805190723,-120.8465359353837,82428930.54579808,,,,fire
2019-01-25,37.641193178437895,-119.79726045272263,302239412.0012596,,,,fire
2019-01-25,39.10892374817482,-122.90983279085383,424165538.43358594,289.4339271255061,279.9558299595142,,fire
2019-01-25,39.23314640265138,-122.77914932332713,593316572.991109,,,,fire
2019-02-02,36.58749999671434,-119.60916136034291,18031328.55689333,,,,fire
2019-02-02,38.679166663193165,-121.6086412290316,10303616.31822476,,,,fire
2019-02-02,39.30865384262382,-121.63252285147544,11162251.011410156,283.7523076923077,,0.2285769230769231,fire
2019-02-02,41.832738091481396,-123.58922098143535,12020885.704595553,,,,fire
2019-02-02,41.0598118242697,-122.47562408389635,26617675.488747295,,,,fire
2019-02-10,39.87916666308541,-120.47017360882919,7727712.238668569,,,,fire
2019-02-10,39.67222221865954,-122.31532190403932,5151808.15911238,,,0.33192499999999997,fire
2019-02-10,39.34027777424491,-120.88658965024334,5151808.15911238,,,,fire
2019-02-10,33.731944441415216,-116.93863382474642,5151808.15911238,,,,fire
2019-02-10,38.95138888539095,-122.08147967119248,7727712.238668569,,274.25111111111113,0.23401666666666665,fire
2019-02-18,39.53561827601948,-121.90202936670872,26617675.488747295,,,,fire
2019-02-18,38.998419536727724,-121.79073638227368,24900406.102376502,,,,fire
2019-02-18,38.40166666321809,-121.79043523572723,17172693.863707934,286.30500000000006,275.42100000000005,0.26665,fire
2019-02-18,35.048611107963644,-118.93599516657292,20607232.63644952,290.2375,,,fire
2019-02-18,36.50015431770984,-119.62049224329103,23183136.71600571,,274.5444444444444,0.21834814814814815,fire
2019-02-26,34.384722219134375,-118.80203397038824,2575904.07955619,,,0.2775666666666667,fire
2019-02-26,35.27638888572097,-118.79913625937452,2575904.07955619,,,0.24763333333333337,fire
2019-02-26,39.16527777426063,-121.7675606899186,2575904.07955619,,,0.3389666666666667,fire
2019-02-26,39.156944440928044,-121.76388419618311,2575904.07955619,,,0.3323,fire
2019-02-26,39.48749999645391,-122.28489695393834,1717269.3863707932,284.54,,0.21707500000000002,fire
2019-03-06,33.26527777479046,-117.02420631191339,2575904.07955619,,,0.3244,fire
2019-03-06,35.49861110792324,-119.43054896712526,2575904.07955619,,,,fire
2019-03-06,35.84999999678057,-119.34238568427905,1717269.3863707932,,,0.40745000000000003,fire
2019-03-06,36.299999996740155,-119.16382896927267,1717269.3863707932,293.48,279.46000000000004,0.32894999999999996,fire
2019-03-06,36.29305555229634,-119.16700680106486,2575904.07955619,,,0.3693666666666667,fire
2019-03-14,41.87175925549906,-121.50094128030473,15455424.477337139,296.08333333333326,,,fire
2019-03-14,37.00624999667673,-120.08968168689383,6869077.545483173,,,,fire
2019-03-14,39.01499999649634,-121.56021603018212,8586346.931853967,294.1240000000001,280.258,0.28028,fire
2019-03-14,39.6821969661334,-122.21404187221893,9444981.625039363,,280.2218181818182,0.3435863636363637,fire
2019-03-14,39.3497222186885,-121.78803336029382,12879520.39778095,,280.23333333333335,,fire
2019-03-22,36.7517857109853,-119.03273656887892,6010442.852297776,285.4571428571429,274.75142857142856,,fire
2019-03-22,35.91944444121878,-121.2238311364995,15455424.477337139,,,0.37560000000000004,fire
2019-03-22,40.08149999640057,-123.06307155389908,21465867.329634916,,,,fire
2019-03-22,39.54340277422667,-121.88534527653383,20607232.63644952,,280.0391666666667,0.35854583333333334,fire
2019-03-22,38.30666666322662,-121.50862345978808,8586346.931853967,,,,fire
2019-03-30,39.72916666309888,-122.28987690203103,1717269.3863707932,295.3,282.27,0.404925,fire
2019-03-30,39.72083332976629,-122.28593240316754,1717269.3863707932,294.93,282.34000000000003,0.37872500000000003,fire
2019-03-30,35.770833330121015,-120.7332793471005,1717269.3863707932,297.51,279.76,0.382975,fire
2019-03-30,35.7791666634536,-120.7356611186036,1717269.3863707932,,,0.362925,fire
2019-03-30,33.587499996983745,-116.19062689414298,1717269.3863707932,,,0.221975,fire
2019-04-07,38.412499996550444,-120.97836999411264,9444981.625039363,297.13272727272727,283.5509090909091,0.3727181818181818,fire
2019-04-07,37.894791663263604,-120.05950704664484,6869077.545483173,293.28999999999996,278.27250000000004,0.284125,fire
2019-04-07,38.78229166318391,-120.53445645677897,6869077.545483173,290.0625,277.3075,,fire
2019-04-07,37.652499996618694,-121.70496412866717,4293173.465926983,298.56399999999996,280.56800000000004,0.37218,fire
2019-04-07,39.072499996491175,-122.97840810496707,4293173.465926983,293.21200000000005,281.148,0.24745999999999996,fire
2019-04-15,41.525462959233856,-122.50695954786822,15455424.477337139,299.63444444444445,,,fire
2019-04-15,39.5343749964497,-121.98133853549973,48083542.81838221,302.0189285714286,,0.3309776785714286,fire
2019-04-15,36.875735290806105,-120.13632538910687,14596789.784151742,,,0.3122264705882353,fire
2019-04-15,36.309490737480054,-119.04188426701697,30910848.954674277,,,,fire
2019-04-15,37.949999996591984,-120.04091034712866,20607232.63644952,,,,fire
2019-04-23,35.73583333012415,-121.2705022725807,4293173.465926983,,,0.38578,fire
2019-04-23,35.724999996791794,-121.27967063363043,3434538.7727415864,298.29,,0.42100000000000004,fire
2019-04-23,36.92083333001774,-118.19343508191864,1717269.3863707932,,,,fire
2019-04-23,37.816666663270624,-121.14281473756152,1717269.3863707932,305.33,287.08,0.336,fire
2019-04-23,38.47083332987854,-122.3829522198912,1717269.3863707932,307.17,285.65999999999997,0.34765,fire
2019-05-01,39.003409087406474,-123.04402624930495,18889963.250078727,,,,fire
2019-05-01,39.730128201560326,-123.24303935440342,22324502.022820313,298.7376923076923,284.1215384615385,0.3484788461538462,fire
2019-05-01,39.65019840913771,-122.14105858673376,18031328.55689333,304.5742857142857,,0.26895,fire
2019-05-01,40.25555555194049,-120.76068880524942,36062657.11378666,,277.47142857142853,,fire
2019-05-01,41.65416666292601,-121.93573062644997,11162251.011410156,302.7953846153846,277.32000000000005,0.17514615384615387,fire
2019-05-09,41.621130948643255,-121.93749456715936,24041771.409191106,305.59214285714285,279.33,0.19872857142857145,fire
2019-05-09,35.43928571110317,-119.11185130939755,12020885.704595553,,,,fire
2019-05-09,36.636742420952345,-119.7836145641665,18889963.250078727,310.32272727272726,,,fire
2019-05-09,37.19903845819788,-119.96636087788087,11162251.011410156,,287.8861538461539,,fire
2019-05-09,38.95041666316881,-120.94414164841965,17172693.863707934,301.02200000000005,,0.2765350000000001,fire
2019-05-17,35.06749999685084,-118.90089636010057,4293173.465926983,,,,fire
2019-05-17,36.28035713959907,-120.23403287071474,6010442.852297776,,,,fire
2019-05-17,36.588333330047604,-119.50266421830052,8586346.931853967,,,,fire
2019-05-17,33.564166663652514,-114.61609946668501,4293173.465926983,306.38,286.67600000000004,0.42824,fire
2019-05-17,34.96041666352712,-114.66684981474157,10303616.31822476,,,0.18270833333333333,fire
2019-05-25,37.031944441118874,-120.12855920115831,2575904.07955619,304.0866666666667,287.58,0.40406666666666674,fire
2019-05-25,36.66770833004047,-119.46191411090628,6869077.545483173,305.70250000000004,289.33500000000004,,fire
2019-05-25,36.570833330049176,-119.45932413330554,7727712.238668569,,,,fire
2019-05-25,36.131249996755315,-119.07217428647319,3434538.7727415864,308.27,,,fire
2019-05-25,35.82749999678259,-119.20062133466664,4293173.465926983,307.26800000000003,288.076,,fire
2019-06-02,38.4145833298836,-120.9794410891787,3434538.7727415864,307.73,289.91499999999996,0.2521375,fire
2019-06-02,36.80795454214908,-120.20326831734656,9444981.625039363,306.29999999999995,291.18545454545455,,fire
2019-06-02,37.39305555219755,-120.60524086503686,5151808.15911238,,,,fire
2019-06-02,33.80916666363051,-115.38455180615865,4293173.465926983,325.12,297.144,,fire
2019-06-02,35.570833330138974,-119.22222657260552,10303616.31822476,312.02500000000003,,,fire
2019-06-10,36.73833333003413,-119.66610493142389,8586346.931853967,312.59399999999994,293.34800000000007,,fire
2019-06-10,40.231944440831505,-122.14913907805192,25759040.7955619,317.7233333333333,295.7986666666666,0.17743,fire
2019-06-10,39.31416666313614,-121.56563201312161,8586346.931853967,306.802,,0.33452000000000004,fire
2019-06-10,39.13685897084437,-121.75173127756763,11162251.011410156,304.34615384615387,,,fire
2019-06-10,38.21163194101293,-121.96572537181028,41214465.27289904,,,0.24892500000000004,fire
2019-06-18,41.84873188029984,-123.56803602037958,59245793.829792365,300.3255072463769,284.8408695652175,0.20869347826086954,fire
2019-06-18,41.031794290609525,-122.2790677687304,95308450.94357902,302.68450450450456,291.53099099099103,0.27866666666666673,fire
2019-06-18,38.383630948934,-119.46019557342537,48083542.81838221,307.46464285714285,281.52857142857147,,fire
2019-06-18,39.2843553423841,-120.77206899413552,45507638.73882602,301.0822641509434,287.03660377358494,0.3620103773584906,fire
2019-06-18,39.462862315296704,-122.77190826261851,39497195.886528246,,,,fire
2019-06-26,33.266666663679224,-117.02274511286072,1717269.3863707932,,,0.2238,fire
2019-06-26,36.579166663381756,-119.99281157515136,1717269.3863707932,310.84000000000003,288.37,0.37150000000000005,fire
2019-06-26,36.58749999671434,-120.00057636773853,858634.6931853966,308.84000000000003,289.02,0.34690000000000004,fire
2019-06-26,36.58749999671434,-120.01614401007811,1717269.3863707932,308.32,289.04,0.35755000000000003,fire
2019-06-26,36.579166663381756,-120.013566191008,1717269.3863707932,307.74,288.61,0.44555,fire
