area,class,evi,lat,lon,lst_day,lst_night,time,day
13738155.090966346,no_fire,0.216975,33.40885416366645,-117.076049505619,307.4875,289.22875,2018-06-26,0
12020885.704595553,no_fire,0.2429571428571429,36.14166666342105,-118.23665371638191,305.82000000000005,283.66285714285715,2018-06-26,0
545233030.1727269,no_fire,0.3985037795275591,41.05574146612935,-121.92355077474474,300.7171023622047,291.5319370078741,2018-06-26,0
41214465.27289904,no_fire,0.2650875,35.721354163458784,-118.66032887532644,310.8870833333333,290.7420833333333,2018-06-26,0
85863469.31853966,no_fire,0.202601,37.484083329967156,-120.41142624445592,317.2914,294.0682,2018-06-26,0
27476310.18193269,fire,0.29552500000000004,41.42760416294635,-121.90909596929173,302.388125,286.55562499999996,2018-06-26,0
26617675.488747295,fire,0.29464999999999997,37.79126343746645,-119.3089784813251,304.32451612903225,285.25161290322586,2018-06-26,0
42931734.65926983,fire,0.3559285714285714,39.00266666316412,-122.00570419665975,309.4408,293.5734693877551,2018-06-26,0
33486753.034230467,fire,0.29782972972972976,36.665491449698784,-121.31732666290725,307.5584615384616,288.80820512820515,2018-06-26,0
30052214.26148888,fire,0.3161461538461539,36.40654761577821,-119.08415788798499,308.0537142857143,293.1828571428571,2018-06-26,0
9444981.625039363,fire,0.41626250000000004,35.89204545132225,-119.12939746473599,315.67600000000004,294.1763636363636,2018-07-04,8
10303616.31822476,fire,0.29740909090909096,36.395138885620504,-119.30434469300626,312.3733333333334,294.22499999999997,2018-07-04,8
15455424.477337139,fire,0.34554444444444443,40.37870370007759,-123.18081093896716,307.13222222222225,288.57857142857137,2018-07-04,8
20607232.63644952,fire,0.27487500000000004,39.98506944085367,-120.37710801407106,308.36,286.02416666666664,2018-07-04,8
9444981.625039363,fire,0.2955818181818182,39.37689393585779,-121.69154944884126,310.6672727272728,291.67636363636365,2018-07-04,8
5151808.15911238,no_fire,0.36225,35.52499999680976,-118.55510234895168,307.93,291.18,2018-07-04,8
2575904.07955619,no_fire,0.31621666666666665,41.20138888518889,-122.69458748704723,298.92,287.41333333333336,2018-07-04,8
3434538.7727415864,no_fire,0.38775,39.88541666308485,-121.55269390618376,302.89,288.89,2018-07-04,8
60104428.52297776,no_fire,0.2486814285714286,38.90916666317252,-122.60497994059165,310.032,290.41485714285716,2018-07-04,8
4293173.465926983,no_fire,0.22653,36.06749999676104,-121.28697268401268,314.836,290.684,2018-07-04,8
2575904.07955619,no_fire,0.5546333333333333,36.95972221890313,-120.5429242126608,306.62,294.3533333333333,2018-07-12,16
8586346.931853967,no_fire,0.3109000000000001,38.314166663225954,-122.35917211893562,306.608,287.3180000000001,2018-07-12,16
41214465.27289904,no_fire,0.12062500000000002,41.746354162917726,-120.65592406518566,316.22541666666666,293.34458333333333,2018-07-12,16
10303616.31822476,no_fire,0.3022,41.458333329610255,-122.65589819508533,306.5733333333334,292.0316666666667,2018-07-12,16
6010442.852297776,fire,0.3725,37.67083332995038,-121.24953021080049,311.8771428571429,294.3142857142857,2018-07-12,16
11162251.011410156,fire,0.23348333333333338,34.10544871488595,-116.94709227282877,307.525,291.0307692307693,2018-07-12,16
12020885.704595553,fire,0.3240357142857143,38.91130952031518,-121.90108374780296,310.3328571428571,294.52714285714285,2018-07-12,16
6010442.852297776,fire,0.21852857142857143,38.717261901284985,-122.42614947334725,317.2285714285714,295.1085714285714,2018-07-12,16
8586346.931853967,fire,0.3101555555555555,38.16416666323941,-121.14355610943042,311.00600000000003,292.20000000000005,2018-07-12,16
25759040.7955619,no_fire,0.16734666666666664,41.09388888519854,-120.04213905497222,312.67333333333335,290.6273333333333,2018-07-12,16
42931734.65926983,fire,0.19895,38.82999999651296,-122.23809049279504,318.4604,297.1964,2018-07-20,24
119350222.35277013,fire,0.1929,41.95764388112417,-122.51921650906931,320.18417266187055,293.32474820143887,2018-07-20,24
9444981.625039363,fire,0.261575,34.459469693875135,-119.82586746895188,308.98749999999995,291.815,2018-07-20,24
10303616.31822476,fire,,34.930555552418696,-120.48493246455112,304.746,,2018-07-20,24
16314059.170522535,fire,,38.583552628114035,-122.14192999601212,316.6178947368421,294.50631578947366,2018-07-20,24
3434538.7727415864,no_fire,0.2152875,35.537499996808634,-118.58125483030649,315.63000000000005,294.755,2018-07-20,24
25759040.7955619,no_fire,0.4242266666666667,40.61583332968592,-123.00779803176307,307.83466666666664,295.5660000000001,2018-07-20,24
26617675.48874729,no_fire,0.3854274193548387,41.44153225434295,-123.40382163376208,304.46129032258074,294.08580645161294,2018-07-20,24
8586346.931853967,no_fire,0.150365,33.94999999695119,-117.86762040197316,316.324,292.1760000000001,2018-07-20,24
6869077.545483173,no_fire,0.4213875,40.88020832966217,-121.86217043898802,305.11,291.0925,2018-07-20,24
34345387.72741587,no_fire,0.24525500000000003,34.25249999692403,-118.2188967199475,311.8180000000001,294.098,2018-07-28,32
5151808.15911238,fire,0.1767,35.969444441214286,-121.30055810418052,322.26666666666665,290.9633333333333,2018-07-28,32
8586346.931853967,fire,0.0883,34.36416666358067,-116.85309233035468,,,2018-07-28,32
4293173.465926983,fire,0.19480000000000003,35.12416666351242,-118.58824180269703,315.5,288.48,2018-07-28,32
9444981.625039363,no_fire,0.31122727272727274,37.148863633027574,-120.79432862080586,311.36909090909086,290.8654545454546,2018-07-28,32
9444981.625039363,fire,,36.660984845192594,-118.2470233574902,306.27777777777777,289.3825,2018-07-28,32
4293173.465926983,no_fire,0.28168000000000004,36.62583333004422,-118.74359208613356,302.916,287.408,2018-07-28,32
18889963.250078727,no_fire,0.32464090909090915,40.3397727236501,-121.57035870930008,301.74363636363637,288.0190909090909,2018-07-28,32
4293173.465926983,no_fire,0.20646,36.49249999672286,-121.57599955155649,314.72,290.796,2018-07-28,32
3434538.7727415864,fire,,39.72499999643259,-122.10371120323076,307.52,294.95500000000004,2018-07-28,32
11162251.011410156,no_fire,0.25158846153846154,36.99198717616519,-118.79308323796988,302.4476923076923,285.98615384615385,2018-08-05,40
5151808.15911238,fire,0.2899916666666667,36.27222221896488,-119.16104285987142,311.91,293.99,2018-08-05,40
17172693.863707934,fire,0.274335,36.21749999674757,-118.30725891293702,308.97799999999995,287.67400000000004,2018-08-05,40
10303616.31822476,fire,0.11326875,33.92986110806411,-117.45658174813329,,,2018-08-05,40
3434538.7727415864,fire,,38.666666663194285,-122.8183490699056,308.165,290.71500000000003,2018-08-05,40
6010442.852297776,no_fire,0.16767142857142855,39.039880948875066,-121.36314155603253,314.32000000000005,293.55428571428575,2018-08-05,40
8586346.931853967,fire,0.12247,35.40833333015357,-120.08765490665338,319.54,290.37,2018-08-05,40
86722104.01172505,no_fire,0.2845460396039604,40.37603134950943,-121.20099603750113,303.08059405940594,288.04,2018-08-05,40
47224908.12519682,no_fire,0.3676372727272727,39.965681814592784,-121.30741739581805,304.4600000000001,289.95236363636366,2018-08-05,40
13738155.090966346,no_fire,0.16400312500000006,36.19999999674914,-120.99159671739285,322.175,285.7725000000001,2018-08-05,40
8586346.931853967,fire,,41.64416666292691,-121.83196764442536,311.04,286.724,2018-08-13,48
41214465.27289904,no_fire,0.17366250000000005,36.17430555230701,-118.86098519432177,314.8541666666667,296.51416666666665,2018-08-13,48
234407271.2396133,no_fire,0.3137948717948718,35.8765415108197,-119.20215257628557,311.8647619047619,293.8276923076923,2018-08-13,48
10303616.31822476,no_fire,0.054275,34.19097221915178,-114.99982564838874,330.085,306.8783333333334,2018-08-13,48
9444981.625039363,no_fire,0.07751818181818182,35.052651512003685,-116.12095209532072,327.4618181818182,304.3036363636364,2018-08-13,48
289359891.60347867,no_fire,0.30955133531157275,35.71020029352903,-119.27205195761127,311.98534124629083,294.8569732937685,2018-08-13,48
4293173.465926983,fire,0.2646,36.90749999668561,-119.89132961638992,310.66400000000004,293.624,2018-08-13,48
20607232.63644952,fire,0.1601266666666667,37.75520832994281,-121.31351956134289,314.81,291.91600000000005,2018-08-13,48
12879520.39778095,fire,0.3043333333333334,39.7708333297618,-122.12208432371258,313.37066666666664,293.7533333333333,2018-08-13,48
9444981.625039363,fire,0.24514,38.88598484499278,-122.25644234114307,310.4927272727272,295.5163636363637,2018-08-13,48
1717269.3863707932,fire,0.3197,36.67916666337277,-120.54346207534569,306.0,292.38,2018-08-21,56
1717269.3863707932,fire,0.20815,35.937499996772715,-118.99061564079913,315.28,291.88,2018-08-21,56
5151808.15911238,no_fire,0.2691333333333333,34.27499999692201,-117.70217749719588,303.99333333333334,289.2233333333333,2018-08-21,56
2575904.07955619,fire,0.25671666666666665,32.84305555260616,-114.48060525783073,316.4,301.24,2018-08-21,56
2575904.07955619,fire,0.23143333333333338,32.848611108161215,-114.4712394538853,315.40000000000003,,2018-08-21,56
8586346.931853967,no_fire,0.158605,36.48083333005725,-121.09130618071892,310.744,286.51200000000006,2018-08-21,56
3434538.7727415864,no_fire,0.2434,37.868749996599284,-120.1991578858662,308.74,288.92,2018-08-21,56
25759040.7955619,no_fire,0.37426,39.48249999645436,-121.27090380329271,300.52866666666665,288.71666666666675,2018-08-21,56
1717269.3863707932,fire,0.160225,33.25833333034664,-117.02154699996466,,,2018-08-21,56
21465867.32963492,no_fire,0.19773000000000004,38.16349999657282,-119.29676897254387,305.8008000000001,283.088,2018-08-21,56
3434538.7727415864,fire,0.17605,32.86666666371515,-114.47304445370656,,,2018-08-29,64
6010442.852297776,fire,0.2249285714285714,35.64226190156113,-120.46326798795957,313.25333333333333,287.21333333333337,2018-08-29,64
3434538.7727415864,fire,0.489675,39.591666663111226,-122.0414065444029,301.99,289.28,2018-08-29,64
8586346.931853967,fire,0.4542300000000001,39.34666666313322,-122.18142000799028,303.434,289.54200000000003,2018-08-29,64
85863469.31853966,no_fire,0.370859,39.524833329783895,-120.8721410304115,300.2062,289.17980000000006,2018-08-29,64
3434538.7727415864,no_fire,0.242325,36.897916663353136,-121.68526981044249,301.63,287.04,2018-08-29,64
20607232.63644952,no_fire,0.2695125,38.9298611076151,-121.24902474418842,309.18083333333334,290.1375,2018-08-29,64
3434538.7727415864,no_fire,0.2828,39.25208332980839,-123.21312114355379,305.35,288.79,2018-08-29,64
5151808.15911238,no_fire,0.4475333333333334,39.14166666315163,-123.384951060179,297.48333333333335,287.5566666666667,2018-08-29,64
2575904.07955619,fire,0.20396666666666666,32.85972221927133,-114.48226940795584,,,2018-08-29,64
85863469.31853966,no_fire,0.274255,40.82574999633373,-121.68936126472302,299.78,286.7332,2018-09-06,72
35204022.42060126,no_fire,0.2282634146341464,37.89217479334515,-120.1959273012266,309.9209756097561,291.9390243902439,2018-09-06,72
177737381.4893771,no_fire,0.41903840579710144,39.57026972269446,-123.673276448696,292.2227053140097,284.8130434782608,2018-09-06,72
140816089.68240505,fire,0.1964918300653595,34.076371948159355,-118.86569062962481,304.6916,290.64371134020615,2018-09-06,72
12020885.704595553,fire,0.3058357142857143,38.172619044191045,-121.35431282692922,307.59285714285716,286.6357142857143,2018-09-06,72
5151808.15911238,fire,0.2339,38.40555555210663,-120.98027951630515,312.7433333333333,287.52333333333337,2018-09-06,72
4293173.465926983,fire,0.32443000000000005,39.124166663153204,-123.1759774101773,307.92400000000004,286.85200000000003,2018-09-06,72
6869077.545483173,fire,0.41019375,39.23333332981007,-122.23343641401937,307.16999999999996,286.865,2018-09-06,72
182030554.95530412,no_fire,0.3686391509433962,37.22452829854392,-122.27622719721872,296.6212264150943,286.5811320754717,2018-09-06,72
17172693.863707934,no_fire,0.13612000000000002,36.81083333002762,-120.59692872486595,316.915,289.42500000000007,2018-09-06,72
81570295.85261267,fire,0.35372421052631586,39.84890350519339,-121.43363151561522,296.4745263157895,285.70484210526314,2018-09-14,80
125360665.2050679,fire,0.18799657534246578,34.12785387821376,-118.80507319109984,306.41039215686277,288.6562264150943,2018-09-14,80
105612067.26180378,fire,0.3540772357723577,39.81080622948721,-121.4862812352709,297.8343089430894,286.8759349593496,2018-09-14,80
2575904.07955619,no_fire,0.32820000000000005,40.0263888852944,-123.13481646298945,295.6666666666667,282.24666666666667,2018-09-14,80
5151808.15911238,no_fire,0.2636833333333333,38.59999999653361,-120.27302756309625,295.5566666666667,282.93333333333334,2018-09-14,80
2575904.07955619,no_fire,0.1071,32.759722219280306,-114.57153367552507,320.0,299.0133333333333,2018-09-14,80
193192805.96671423,no_fire,0.2979577777777778,37.91901851511329,-121.1218834342152,305.69795555555555,287.43564444444445,2018-09-14,80
52376716.28430919,no_fire,0.18837704918032788,39.38367485985121,-121.4876091651362,308.06524590163934,286.9711475409836,2018-09-14,80
83287565.23898347,fire,0.15278865979381442,34.19085051239348,-118.72822267503022,309.0288,288.7266666666667,2018-09-14,80
230114097.7736863,fire,0.3211238805970149,39.74141790687887,-121.56843999539075,302.2603100775194,288.6670542635659,2018-09-14,80
35204022.42060126,fire,0.26893902439024386,41.949695118184025,-123.5494775166555,293.90585365853656,286.54195121951216,2018-09-22,88
67832140.76164633,fire,0.13903354430379747,33.706592823977275,-116.68592259320006,310.9309090909091,287.5419512195122,2018-09-22,88
97884355.02313522,fire,0.15163815789473684,37.672660815330346,-119.84600789947311,310.66701754385963,290.84719298245614,2018-09-22,88
125360665.2050679,fire,0.18537842465753426,37.57157533909172,-119.81932240239651,306.82767123287675,290.24506849315065,2018-09-22,88
127936569.2846241,fire,0.18831486486486487,39.69751118211738,-121.69278715071904,310.33676056338027,290.53730158730156,2018-09-22,88
5151808.15911238,no_fire,0.17313333333333333,39.84166666308877,-120.19452744451729,308.91,282.08666666666664,2018-09-22,88
8586346.931853967,no_fire,0.29106,38.705833329857434,-123.06927101655556,303.9960000000001,287.654,2018-09-22,88
6010442.852297776,no_fire,0.2739214285714286,37.906547615643504,-121.02282709983399,307.58,287.07428571428574,2018-09-22,88
9444981.625039363,no_fire,0.11802727272727273,36.80719696639158,-120.87766129334965,319.0054545454545,289.8381818181818,2018-09-22,88
12020885.704595553,no_fire,0.1629285714285714,39.10833332982129,-122.37613470969342,311.27714285714285,290.41285714285715,2018-09-22,88
110763875.42091617,fire,0.11390542635658915,40.633624027358735,-122.53930823044816,299.0889655172414,284.5734065934066,2018-09-30,96
101318893.7958768,fire,0.17141101694915262,41.43043784938677,-121.06459785205126,288.6078632478633,277.8043636363637,2018-09-30,96
14596789.784151742,fire,0.18173529411764708,33.69240195775864,-117.41307670551114,300.90769230769234,286.24444444444447,2018-09-30,96
99601624.40950601,fire,0.1437258620689655,40.567025858425936,-122.51107787814911,297.49559633027525,286.2915887850467,2018-09-30,96
2575904.07955619,no_fire,0.2342333333333333,38.26805555211898,-120.59523087115002,298.92,284.81333333333333,2018-09-30,96
135664281.52329266,fire,0.14208037974683546,40.68860759128276,-122.54173959770515,298.20614285714294,284.11264705882354,2018-09-30,96
4293173.465926983,no_fire,0.20218000000000005,38.467499996545506,-121.30976663780821,303.784,287.116,2018-09-30,96
12020885.704595553,no_fire,0.17195000000000002,37.61428571090784,-120.59444502844586,301.41,288.4428571428572,2018-09-30,96
11162251.011410156,no_fire,0.2866230769230769,39.19391025289054,-121.64457176798031,300.1215384615385,288.49230769230775,2018-09-30,96
19748597.943264127,no_fire,0.2576391304347826,40.047282605099284,-123.51869064314064,294.148695652174,279.2991304347826,2018-09-30,96
4293173.465926983,no_fire,0.31276000000000004,36.259166663410504,-121.58388754807041,296.928,286.372,2018-10-08,104
20607232.63644952,fire,0.18820625000000002,37.616319441066395,-119.21175025579622,288.1566666666667,274.94166666666666,2018-10-08,104
123643395.81869711,fire,0.15765347222222223,39.4363425890511,-122.76099009068376,297.87194444444447,283.9397222222222,2018-10-08,104
155412879.4665568,fire,0.18018977900552488,39.495142722051746,-122.69280058158114,297.2337016574586,284.817679558011,2018-10-08,104
50659446.8979384,fire,0.17781186440677962,41.85105931827555,-123.55078358364678,289.47898305084743,281.65050847457627,2018-10-08,104
97025720.32994981,fire,0.24127699115044246,40.983296456496575,-122.27421519440507,293.6865486725664,285.39893805309737,2018-10-08,104
42931734.65926983,no_fire,0.20786300000000005,41.74999999625072,-121.7993901773987,292.8468000000001,273.668,2018-10-08,104
38638561.19334285,no_fire,0.2078666666666667,38.423055552105055,-121.6385749451906,301.42400000000004,286.0728888888889,2018-10-08,104
110763875.42091615,no_fire,0.15692325581395347,36.87477389849733,-119.39243228688014,304.9336434108527,287.21317829457365,2018-10-08,104
6869077.545483173,no_fire,0.30488750000000003,40.638541663017214,-123.81533497023906,295.2575,284.915,2018-10-08,104
12879520.39778095,fire,0.41673333333333334,39.7608333297627,-121.38164747219201,294.63066666666674,287.5013333333334,2018-10-16,112
327139818.10363615,no_fire,0.2713375328083989,37.65265747693365,-121.1558964749716,300.98031496062987,283.314908136483,2018-10-16,112
48083542.81838221,no_fire,0.14191785714285715,41.516369043890755,-122.3454825056256,297.4792857142857,280.0078571428572,2018-10-16,112
7727712.238668569,fire,0.4195666666666667,39.73935184828315,-121.41629246136627,295.8577777777778,288.86888888888893,2018-10-16,112
6010442.852297776,fire,0.37970000000000004,39.69583332976853,-121.4192998011259,296.6771428571429,289.13142857142856,2018-10-16,112
16314059.170522535,no_fire,0.0430421052631579,33.19934210228177,-115.25644143672113,310.15263157894736,292.0473684210526,2018-10-16,112
15455424.477337139,fire,0.2796777777777778,36.24398147822667,-118.6501340979183,288.3333333333333,280.6,2018-10-16,112
5151808.15911238,fire,0.26735000000000003,36.41805555228511,-118.71129115724544,290.25333333333333,282.1566666666667,2018-10-16,112
4293173.465926983,no_fire,0.19086000000000006,36.35916666340151,-118.66659339499971,285.54,274.356,2018-10-16,112
16314059.170522535,no_fire,0.2174052631578948,38.28399122463216,-120.74667564015392,302.3978947368421,284.36105263157896,2018-10-16,112
8586346.931853967,fire,0.22406111111111113,36.41083333006354,-118.74029209229265,290.22799999999995,283.62,2018-10-24,120
11162251.011410156,fire,0.1644307692307692,36.62980768901823,-120.64393937848135,304.78666666666663,286.3375,2018-10-24,120
1717269.3863707932,fire,0.2509,39.67499999643707,-122.10730888103858,296.90999999999997,286.0,2018-10-24,120
5151808.15911238,fire,0.2615875,36.002777774544626,-119.0821766695631,299.02666666666664,283.97,2018-10-24,120
6869077.545483173,fire,0.24470000000000003,35.931249996773275,-119.21019642581103,300.072,285.0,2018-10-24,120
20607232.63644952,no_fire,0.2743520833333333,39.188194440925244,-123.10193394774132,292.6225,282.7750000000001,2018-10-24,120
18031328.55689333,no_fire,0.23330952380952386,38.63035713938803,-120.87915396791401,297.8752380952382,283.8714285714285,2018-10-24,120
3434538.7727415864,no_fire,0.20262500000000006,41.343749996287215,-122.85884463462308,287.73,282.355,2018-10-24,120
5151808.15911238,no_fire,0.19049166666666664,37.39999999664137,-121.07972021237845,302.9566666666667,284.5266666666667,2018-10-24,120
3434538.7727415864,no_fire,0.06627500000000001,37.068749996671116,-121.03191671149791,298.915,287.06,2018-10-24,120
24041771.409191106,no_fire,0.18018928571428566,34.948511901623434,-120.21865907298208,304.23428571428576,288.4857142857143,2018-11-01,128
10303616.31822476,fire,0.25670833333333337,36.736805552256484,-120.64517581281297,296.56,282.884,2018-11-01,128
2575904.07955619,fire,,35.645833330132234,-119.21611326874891,,,2018-11-01,128
6010442.852297776,fire,0.2647333333333333,34.267261901684606,-118.99933974575367,302.13428571428574,283.2,2018-11-01,128
2575904.07955619,fire,0.22236666666666668,37.06805555222674,-120.11958532743502,296.44666666666666,281.7266666666667,2018-11-01,128
3434538.7727415864,fire,0.22562500000000002,36.466666663391855,-119.55421679644239,298.505,,2018-11-01,128
6010442.852297776,no_fire,0.4084857142857144,41.88154761528653,-123.79950627782507,285.26857142857136,280.5285714285714,2018-11-01,128
118491587.65958472,no_fire,0.07100072463768117,37.527596614987395,-118.36619318551372,302.05884057971014,279.7855072463768,2018-11-01,128
26617675.48874729,no_fire,0.1792806451612903,35.677822577441184,-119.07492337403136,300.5606451612904,283.88129032258064,2018-11-01,128
6010442.852297776,no_fire,0.20288571428571428,41.635119043880096,-122.83125705222095,288.52285714285716,276.0857142857144,2018-11-01,128
24900406.102376502,fire,0.1966896551724138,37.574856318464754,-119.12460076145734,288.3972413793103,273.4579310344828,2018-11-09,136
20607232.63644952,fire,0.1737041666666667,37.98611110769985,-120.84228969531024,298.2475,277.1983333333333,2018-11-09,136
38638561.19334285,fire,0.1427279069767442,39.04731481130826,-122.5649528895228,293.7757142857143,279.9773333333333,2018-11-09,136
70408044.84120253,fire,0.1423,38.55619918352941,-122.10344902054835,,283.06634146341463,2018-11-09,136
135664281.52329266,fire,0.15096940298507464,38.753902950106294,-122.20906774285753,,282.1688607594937,2018-11-09,136
549526203.6386539,no_fire,0.162891171875,38.37838541322018,-119.45285979045292,286.278875,266.52006250000005,2018-11-09,136
89298008.09128125,no_fire,0.19074375,34.857051278921034,-119.17258850041588,289.26461538461535,277.81615384615384,2018-11-09,136
61821697.90934856,no_fire,0.17584027777777778,37.235995367026476,-121.33247655344364,295.96277777777783,278.1086111111111,2018-11-09,136
2575904.07955619,no_fire,0.32688333333333336,40.534722218582104,-122.74838707122858,290.0733333333333,279.9533333333333,2018-11-09,136
37779926.50015745,no_fire,0.1960193181818182,35.15776514835789,-120.59347887308105,300.28454545454554,281.3881818181818,2018-11-09,136
34345387.72741587,fire,0.20797435897435898,37.67687499661651,-121.01501904337368,,275.90684210526314,2018-11-17,144
20607232.63644952,no_fire,0.3320041666666667,39.781944440871904,-123.43140506921928,286.73333333333335,281.50333333333333,2018-11-17,144
30910848.95467428,no_fire,0.3040166666666667,40.08842592232588,-121.37315293458951,282.4705555555555,273.6922222222222,2018-11-17,144
55811255.05705078,no_fire,0.26181692307692306,39.192884611864976,-120.5642508767913,288.05999999999995,277.6575384615385,2018-11-17,144
121926126.43232632,fire,0.12511703703703703,38.65903755521375,-122.15549059078545,295.69399999999996,281.0591803278689,2018-11-17,144
12879520.39778095,fire,0.14195333333333335,34.87972221908993,-120.4984079157859,297.472,281.65714285714284,2018-11-17,144
5151808.15911238,no_fire,0.26633333333333337,39.124999996486466,-120.35873394438822,285.50333333333333,274.1933333333333,2018-11-17,144
18031328.55689333,fire,0.23646190476190476,37.842658726760355,-119.96567150322001,292.51473684210526,276.9323809523809,2018-11-17,144
17172693.863707934,fire,0.1807666666666667,36.766666663364916,-120.14409551969193,,276.9066666666667,2018-11-17,144
4293173.465926983,no_fire,0.34312000000000004,41.26749999629407,-121.49791921661402,284.188,273.40400000000005,2018-11-17,144
16314059.170522535,fire,0.17441874999999998,41.88749999623838,-123.53136277425786,275.26666666666665,,2018-11-25,152
168292399.86433774,fire,0.12671428571428575,33.69247448677024,-117.4885640884329,292.54426666666666,281.0241379310345,2018-11-25,152
244710887.55783802,fire,0.15114589285714286,39.78685672157323,-121.53374793177528,283.39511811023624,277.3452747252747,2018-11-25,152
30910848.954674277,fire,0.20602037037037033,39.32592592239435,-121.58804455015137,286.45799999999997,277.6147826086957,2018-11-25,152
18031328.55689333,fire,,36.24464285388798,-118.61538365208929,281.16400000000004,272.04,2018-11-25,152
82428930.54579808,no_fire,0.2328192708333333,35.72656249679165,-121.18196487840622,287.763125,280.8052083333334,2018-11-25,152
8586346.931853967,no_fire,0.24267,36.27249999674263,-121.73798682068515,286.158,278.33000000000004,2018-11-25,152
4293173.465926983,no_fire,0.1054,34.259166663590086,-116.19988137112504,295.572,280.444,2018-11-25,152
8586346.931853967,no_fire,0.36407,39.748333329763824,-121.14140539730444,276.824,275.092,2018-11-25,152
30910848.95467428,no_fire,0.07767777777777779,34.398148145059096,-115.293595794753,298.4011111111111,279.9994444444444,2018-11-25,152
285066718.13755167,fire,0.23987438271604938,40.82705822926535,-122.53953183751655,278.7954325259516,276.48460251046026,2018-12-03,160
4293173.465926983,no_fire,0.21188,39.74083332976449,-121.76329019698916,287.668,278.01200000000006,2018-12-03,160
35204022.42060126,no_fire,0.19938536585365854,39.5261178826293,-122.35854045363531,287.97414634146344,277.0580487804878,2018-12-03,160
24041771.409191106,no_fire,0.18266428571428567,39.89583332975057,-123.4223349352272,283.5828571428571,277.01714285714286,2018-12-03,160
147685167.22788823,fire,0.2273509933774835,40.57751937620098,-122.6875388314629,281.714375,275.12446601941747,2018-12-03,160
10303616.31822476,no_fire,0.07905,36.741666663367155,-120.5557569663018,288.86000000000007,278.2933333333334,2018-12-03,160
163140591.70522535,fire,0.18448,37.6392543825848,-119.68815552232286,280.6608163265306,274.59355371900824,2018-12-03,160
179454650.8757479,fire,,38.3737041432844,-119.81878694353453,271.65983870967744,265.9044791666667,2018-12-03,160
590740668.9115529,fire,0.13415533453887887,39.240261624383095,-122.72218415466921,284.21100189035917,275.7819254658385,2018-12-03,160
6010442.852297776,no_fire,0.4772142857142858,39.32321428218295,-123.63072343563508,284.00857142857143,279.54,2018-12-03,160
287642622.2171079,fire,0.2115138211382114,41.007425369451745,-122.46525242140697,280.40682758620693,274.9148453608247,2018-12-11,168
33486753.034230467,fire,0.14765,41.82147435521867,-123.57790330193201,272.82,,2018-12-11,168
4293173.465926983,no_fire,0.25270000000000004,36.77583333003078,-118.913117702698,280.23600000000005,273.64400000000006,2018-12-11,168
29193579.568303484,no_fire,0.07527794117647059,34.904656859610554,-116.86237429501949,291.42,275.76411764705887,2018-12-11,168
7727712.238668568,no_fire,0.12802222222222226,36.679166663372776,-120.59022059438192,287.62666666666667,276.98,2018-12-11,168
29193579.568303484,fire,0.25418035714285714,40.619117643411116,-123.51091657458673,278.94153846153847,272.35,2018-12-11,168
36921291.80697206,no_fire,0.20442325581395349,37.18032945402543,-121.63206222770776,288.3967441860465,279.59395348837205,2018-12-11,168
30910848.954674277,fire,0.17921714285714288,34.233333330259086,-117.8424148250739,288.5075,280.8211111111111,2018-12-11,168
38638561.19334285,fire,0.2595267857142857,36.446203700430736,-119.33781663948227,288.49999999999994,276.1963636363636,2018-12-11,168
9444981.625039363,no_fire,0.2354090909090909,36.70568181488553,-119.02635600099009,286.0509090909091,277.53636363636366,2018-12-11,168
3434538.7727415864,no_fire,0.25015,37.32708332998126,-122.33496440892712,287.97,280.01,2018-12-19,176
69549410.14801712,no_fire,0.1942395061728395,33.61651234266016,-117.42974658758186,291.5118518518518,281.62790123456784,2018-12-19,176
5151808.15911238,no_fire,0.17898333333333336,40.22499999638768,-121.99618350243642,284.86,276.5466666666667,2018-12-19,176
23183136.71600571,fire,0.1709222222222222,38.715277774301036,-122.3777135535098,284.07916666666665,280.0914285714286,2018-12-19,176
20607232.63644952,fire,0.18911,39.42430555201514,-122.75963750593026,276.678,275.44,2018-12-19,176
118491587.65958473,fire,0.16135,41.41455313637748,-121.0092655716177,,,2018-12-19,176
66114871.37527554,fire,0.17541176470588238,41.84875540749728,-123.52071177033353,273.4614634146341,273.09749999999997,2018-12-19,176
16314059.170522535,fire,0.36111666666666664,41.129166662973155,-123.65801876154926,277.00117647058823,272.92,2018-12-19,176
6869077.545483173,no_fire,0.079075,34.4614583302386,-115.46672573566721,291.6925,278.61,2018-12-19,176
22324502.022820316,no_fire,0.2624346153846154,34.209615381543266,-117.7014755722224,289.59307692307704,280.7192307692308,2018-12-19,176
3434538.7727415864,no_fire,0.23868269230769235,37.102083330001456,-121.70945196039771,284.845,276.48,2018-12-27,184
45507638.73882602,fire,,38.39834905315549,-119.83809374545618,271.63250000000005,265.63846153846157,2018-12-27,184
188899632.50078726,fire,0.19547105864432598,40.85988635996703,-122.41921689344477,278.87427272727274,275.7871951219512,2018-12-27,184
4293173.465926983,no_fire,0.2590769230769231,39.32583332980176,-122.31091668563957,284.996,275.884,2018-12-27,184
4293173.465926983,no_fire,0.24893384615384614,39.809166663091695,-122.19015310088785,285.70799999999997,274.95200000000006,2018-12-27,184
3434538.7727415864,no_fire,0.26936730769230777,40.299999996380954,-121.78732183238549,279.94500000000005,270.64,2018-12-27,184
17172693.863707934,no_fire,0.17601384615384616,36.553749996717364,-120.03217638333159,284.329,272.35299999999995,2018-12-27,184
356333397.6719396,fire,0.135672638501395,39.39370481573945,-122.79351028091646,280.7260504201681,273.1358174904943,2018-12-27,184
33486753.034230467,fire,0.17268269230769234,37.60608974021261,-119.26261390832663,274.5755555555556,263.8608,2018-12-27,184
3434538.7727415864,fire,0.2629692307692308,40.86666666299673,-122.6526914947486,276.87,,2018-12-27,184
16314059.170522535,no_fire,0.07675263157894738,36.34802631252532,-120.15594201429842,288.35894736842096,270.91263157894736,2019-01-01,189
6869077.545483173,no_fire,0.08475,37.36458332997788,-118.5428569367877,277.48,264.3175,2019-01-01,189
42931734.65926983,no_fire,0.23906,37.61233332995564,-121.10458425256806,282.7872,273.50360000000006,2019-01-01,189
3434538.7727415864,no_fire,0.281325,38.57499999653586,-121.08923084481172,284.85,274.46500000000003,2019-01-01,189
44649004.04564063,no_fire,0.1970019230769231,36.091185894194815,-121.2119792787866,285.04961538461544,276.35346153846154,2019-01-01,189
5151808.15911238,fire,0.4746666666666666,38.727777774299916,-120.35786689990643,278.944,,2019-01-01,189
5151808.15911238,fire,0.49215,38.73888888541002,-120.35522253138593,278.952,273.32,2019-01-01,189
3434538.7727415864,fire,0.30560000000000004,38.86874999650947,-120.33306463154474,,269.38,2019-01-01,189
4293173.465926983,fire,0.24752000000000002,34.359166663581114,-118.94278889129082,287.86400000000003,278.09600000000006,2019-01-01,189
3434538.7727415864,fire,0.23315,39.26874999647356,-121.76775100664516,282.83500000000004,275.64500000000004,2019-01-01,189
6010442.852297776,no_fire,0.2352285714285715,33.251785711299604,-116.84052763657499,285.26857142857153,277.7685714285714,2019-01-09,197
3434538.7727415864,no_fire,0.08930000000000002,34.127083330268626,-114.95898542526429,292.2700000000001,280.43000000000006,2019-01-09,197
3434538.7727415864,no_fire,0.1032,33.6937499969742,-116.03862303221472,297.37,281.8,2019-01-09,197
3434538.7727415864,fire,0.36915000000000003,35.049999996852414,-119.29683957355125,,,2019-01-09,197
6010442.852297776,fire,0.1877214285714286,39.248214282189686,-122.00110841510067,287.09714285714284,278.392,2019-01-09,197
6869077.545483173,fire,0.24652500000000002,39.8135416630913,-121.83774907421038,286.1228571428572,278.66499999999996,2019-01-09,197
8586346.931853967,fire,0.17931,41.947499996233,-123.54607042343244,279.32444444444445,274.844,2019-01-09,197
10303616.31822476,fire,,41.27291666296025,-120.11149011666866,,268.335,2019-01-09,197
3434538.7727415864,no_fire,0.2203125,34.910416663531606,-118.65161378896907,284.7150000000001,276.595,2019-01-09,197
6010442.852297776,no_fire,0.28860714285714284,34.731547615928626,-120.16512075560728,288.80857142857144,279.8657142857143,2019-01-09,197
6869077.545483173,fire,0.07236000000000001,32.682291663731704,-115.61853205327478,297.78,279.77200000000005,2019-01-17,205
5151808.15911238,fire,0.20510000000000003,38.73333332985497,-122.48065084303094,287.1066666666667,276.5,2019-01-17,205
139957454.98921964,no_fire,0.3178141104294479,34.325332307755936,-119.1222136925364,290.6860122699387,281.19349693251536,2019-01-17,205
3434538.7727415864,no_fire,0.440975,36.05624999676205,-119.38122059184822,288.3400000000001,279.66,2019-01-17,205
6869077.545483173,no_fire,0.39915,37.746874996610224,-120.62405252168614,287.5175,278.27500000000003,2019-01-17,205
39497195.88652825,no_fire,0.2470869565217392,39.04746376460937,-121.34384525301658,287.58043478260873,278.24304347826086,2019-01-17,205
17172693.863707934,no_fire,0.3135100000000001,38.494999996543044,-121.16759896203727,286.944,277.972,2019-01-17,205
136522916.21647805,fire,0.13037517241379312,37.617583854064186,-119.84748202930679,281.7376923076923,275.89584905660377,2019-01-17,205
2575904.07955619,fire,0.23086666666666666,38.94861110761342,-122.24813895235627,285.9733333333333,277.4066666666667,2019-01-17,205
6869077.545483173,fire,0.046,34.19583333026245,-115.80322763882675,293.7857142857143,278.9514285714286,2019-01-17,205
19748597.943264127,no_fire,0.0694804347826087,35.82010869243542,-117.62336985558132,291.1521739130436,276.3939130434784,2019-01-25,213
30052214.26148888,no_fire,0.4161014285714286,36.619642853854316,-120.93520028287756,290.284,278.03085714285714,2019-01-25,213
4293173.465926983,no_fire,0.33319,38.25083332989829,-121.37383325826788,286.8160000000001,278.052,2019-01-25,213
10303616.31822476,fire,0.2757166666666666,36.63472221893232,-119.38695346489523,286.81,279.21833333333336,2019-01-25,213
2575904.07955619,fire,0.32993333333333336,36.99027777445595,-119.8888347348115,292.1466666666667,278.47333333333336,2019-01-25,213
6869077.545483173,fire,,36.23854166341234,-119.26767516197349,289.62666666666667,278.76250000000005,2019-01-25,213
11162251.011410156,fire,0.1662125,35.84326922755041,-119.20770921639775,288.68222222222226,279.18461538461537,2019-01-25,213
3434538.7727415864,fire,,37.46666666330206,-120.49466052094975,290.46000000000004,279.935,2019-01-25,213
2575904.07955619,no_fire,0.2531666666666667,38.98472221872128,-122.80362413691387,288.0333333333333,279.09333333333336,2019-01-25,213
5151808.15911238,no_fire,0.29815,38.94027777428083,-121.13023238528623,290.0200000000001,279.0033333333334,2019-01-25,213
22324502.022820316,no_fire,0.2877615384615385,37.09775640692493,-119.54500700092736,283.70769230769235,271.9315384615385,2019-02-02,221
15455424.47733714,no_fire,0.11445555555555555,34.009722219168054,-114.7194327106837,293.9811111111111,277.6388888888889,2019-02-02,221
4293173.465926983,no_fire,0.24214,40.224166663054426,-122.53821531463586,284.46400000000006,269.316,2019-02-02,221
17172693.863707934,no_fire,0.11469500000000002,33.766666663634325,-114.78397532607174,295.457,277.363,2019-02-02,221
15455424.477337139,fire,,37.47962962626385,-121.17246094727815,283.34888888888895,274.20941176470586,2019-02-02,221
6010442.852297776,fire,0.29848,39.276785710758546,-121.67098821940105,283.9866666666667,274.7971428571429,2019-02-02,221
17172693.863707934,fire,0.29069999999999996,39.68624999643606,-122.13532343043595,283.9463157894737,274.70500000000004,2019-02-02,221
16314059.170522535,fire,0.3436368421052632,35.98223683887396,-121.26538534536544,284.55411764705883,273.2021052631579,2019-02-02,221
10303616.31822476,fire,0.3106111111111111,35.67986110790696,-119.1369826154845,286.928,274.32,2019-02-02,221
66114871.37527554,no_fire,0.21338571428571432,38.94669913070162,-122.4224497539673,281.43584415584417,273.1483116883116,2019-02-02,221
9444981.625039363,fire,0.3366045454545455,36.4564393906655,-119.15980651440448,287.7672727272727,275.58363636363634,2019-02-10,229
8586346.931853967,fire,0.2854,39.06249999649208,-121.67094192689258,284.098,275.742,2019-02-10,229
5151808.15911238,fire,,39.25277777425277,-122.99372967244304,,,2019-02-10,229
10303616.31822476,fire,0.19773333333333334,39.70277777421236,-121.89288368742707,285.3266666666667,275.99,2019-02-10,229
15455424.477337139,fire,0.2171625,36.5800925893076,-120.00116893402993,288.85999999999996,275.99888888888887,2019-02-10,229
30910848.95467428,no_fire,0.43005277777777773,36.093287033795754,-118.87053887040005,286.495,273.79388888888883,2019-02-10,229
6010442.852297776,no_fire,0.3059642857142857,37.27083332998632,-120.36156208555228,286.02,276.2171428571429,2019-02-10,229
3434538.7727415864,no_fire,0.3753625,38.52708332987349,-121.06714551919191,286.725,274.48,2019-02-10,229
24900406.102376506,no_fire,0.1390206896551724,35.08290229570003,-119.00115741654943,289.5172413793104,275.91655172413795,2019-02-10,229
17172693.863707934,no_fire,0.369295,37.295416663317425,-120.87242367370949,285.8370000000001,275.35200000000003,2019-02-10,229
5151808.15911238,fire,,34.306944441363584,-117.91171339383956,277.12,,2019-02-18,237
7727712.238668568,no_fire,0.3773444444444444,36.829166663359295,-120.8574682813542,288.4111111111111,273.8311111111111,2019-02-18,237
61821697.90934856,no_fire,0.20641250000000005,36.677777774484014,-120.61257679176836,288.9730555555555,275.64277777777784,2019-02-18,237
6869077.545483173,fire,0.35907500000000003,37.90416666326277,-121.20486677935459,,273.68,2019-02-18,237
11162251.011410156,no_fire,0.2959846153846154,37.9336538427473,-122.61257137596479,282.19846153846163,276.53846153846155,2019-02-18,237
15455424.47733714,no_fire,0.13943333333333335,34.56944444134002,-115.03583242540523,289.35000000000014,273.12444444444446,2019-02-18,237
2575904.07955619,no_fire,0.31020000000000003,40.43472221859106,-123.97799193554407,279.64000000000004,274.70000000000005,2019-02-18,237
10303616.31822476,fire,0.25400833333333334,35.59513888569235,-119.18070226161738,289.28000000000003,274.2290909090909,2019-02-18,237
5151808.15911238,fire,0.26689999999999997,35.881944441222146,-119.19679597150758,290.22,273.73,2019-02-18,237
18031328.55689333,fire,0.2719153846153846,39.70019840913322,-122.21248378022952,285.4616666666667,275.4152380952381,2019-02-18,237
13738155.090966346,no_fire,0.098203125,34.41666666357595,-115.86446873641675,301.05499999999995,284.585,2019-02-26,245
8586346.931853967,no_fire,0.13167,34.18916666359639,-116.13357755519917,300.264,280.98,2019-02-26,245
3434538.7727415864,no_fire,0.105425,33.27291666367866,-115.47622124812094,305.93,285.82000000000005,2019-02-26,245
4293173.465926983,fire,0.32965000000000005,35.24916666350119,-118.77079859724996,,,2019-02-26,245
6010442.852297776,no_fire,0.11154285714285717,33.314880949389185,-115.3793474150043,303.4600000000001,283.6771428571429,2019-02-26,245
5151808.15911238,fire,0.330625,39.96249999641126,-122.22780617041292,288.91,,2019-02-26,245
4293173.465926983,fire,0.12407499999999999,33.57749999698465,-116.16015922958975,,,2019-02-26,245
2575904.07955619,no_fire,0.10238333333333334,32.968055552594926,-115.75811019507307,306.74666666666667,285.5466666666667,2019-02-26,245
6010442.852297776,fire,0.3744142857142857,36.15773809199103,-119.03866477714577,,,2019-02-26,245
5151808.15911238,fire,0.30985,36.91388888557392,-120.15603208214779,,,2019-02-26,245
858634.6931853966,fire,0.2152,41.55416666293499,-122.37822171743477,287.8,272.38,2019-03-06,253
1717269.3863707932,fire,0.08990000000000001,36.845833330024476,-118.19194648180493,,,2019-03-06,253
858634.6931853966,fire,0.1287,36.845833330024476,-118.20756656283777,,273.48,2019-03-06,253
858634.6931853966,fire,0.19640000000000002,41.56249999626757,-122.38286510514023,288.36,272.64,2019-03-06,253
10303616.31822476,fire,0.3968333333333333,37.6354166632869,-121.45529216092524,288.73333333333335,279.825,2019-03-06,253
9444981.625039363,no_fire,0.184,39.073863632854696,-122.60372089944136,288.47636363636366,275.50181818181807,2019-03-06,253
6010442.852297776,no_fire,0.38051428571428575,36.45297618720261,-121.66587363988464,288.59714285714284,278.45714285714286,2019-03-06,253
90156642.78446664,no_fire,0.36920476190476204,34.597182536575616,-120.54195553190685,288.85352380952384,279.49333333333334,2019-03-06,253
6869077.545483173,no_fire,0.259725,39.39791666312863,-123.19935996164608,283.535,274.6675,2019-03-06,253
12020885.704595553,no_fire,0.3661071428571429,34.45059523500148,-119.44112472102707,289.79571428571427,277.5528571428572,2019-03-06,253
10303616.31822476,no_fire,0.2007833333333333,34.94097221908442,-117.31241130594748,299.71166666666664,277.84666666666664,2019-03-14,261
3434538.7727415864,no_fire,0.297225,38.543749996538665,-120.6157388498782,288.24,277.47,2019-03-14,261
16314059.170522535,no_fire,0.3282631578947369,38.58399122460523,-120.85498797297352,293.47473684210536,280.65473684210525,2019-03-14,261
11162251.011410156,no_fire,0.4373269230769232,39.199679483659246,-121.83571437581458,295.0815384615384,281.5723076923077,2019-03-14,261
5151808.15911238,fire,0.30773333333333336,36.666666663373896,-120.65893891944509,297.6266666666667,280.68,2019-03-14,261
2575904.07955619,fire,0.1862166666666667,35.54861110791875,-119.21819511928449,299.32,,2019-03-14,261
858634.6931853966,fire,0.061450000000000005,33.80416666363096,-115.38583256679054,305.92,283.40000000000003,2019-03-14,261
1717269.3863707932,fire,0.37750000000000006,36.137499996754755,-119.01458735378286,297.52,281.63,2019-03-14,261
1717269.3863707932,fire,0.33805,36.14583333008734,-119.01691028116362,297.73,281.85,2019-03-14,261
18031328.55689333,no_fire,0.1010095238095238,33.00694444148032,-115.2625778719523,312.75809523809517,285.40380952380946,2019-03-14,261
21465867.32963492,no_fire,0.33962400000000004,39.46949999645553,-122.44216909309246,290.5824,279.3592,2019-03-22,269
11162251.011410156,no_fire,0.10074615384615383,35.14198717633133,-116.71447040917678,305.5,282.0815384615385,2019-03-22,269
2575904.07955619,no_fire,0.08186666666666666,37.906944441040295,-118.44842116344921,296.5,269.50666666666666,2019-03-22,269
15455424.47733714,no_fire,0.2422333333333333,36.37638888562217,-121.82690030140381,288.3933333333334,278.6933333333333,2019-03-22,269
5151808.15911238,no_fire,0.11758333333333335,37.641666663286344,-119.86236350512668,289.87,278.8233333333333,2019-03-22,269
1717269.3863707932,fire,0.3262,38.45833332987967,-122.57458304368195,,,2019-03-22,269
1717269.3863707932,fire,0.31610000000000005,38.74999999652014,-120.90465793043987,,277.43,2019-03-22,269
2575904.07955619,fire,0.2868333333333334,37.75416666327623,-120.9824391602796,294.83,280.75333333333333,2019-03-22,269
3434538.7727415864,fire,0.24649999999999997,36.54166666338512,-120.00200429173861,297.16,,2019-03-22,269
2575904.07955619,fire,0.2703666666666667,36.59861110782445,-119.90713675569113,,279.64666666666665,2019-03-22,269
1717269.3863707932,fire,0.3057,40.85416666299785,-121.9409573205349,290.53,276.47,2019-03-30,277
1717269.3863707932,fire,0.2541,36.779166663363796,-120.66933650484246,297.65,283.08000000000004,2019-03-30,277
1717269.3863707932,fire,0.33587500000000003,36.512499996721075,-120.36631601696158,302.81,282.54,2019-03-30,277
2575904.07955619,fire,0.3548,36.51805555227613,-120.36285997396388,300.84,282.52,2019-03-30,277
1717269.3863707932,fire,0.341075,36.26249999674353,-119.5768367712264,300.95,281.28,2019-03-30,277
364061109.91060823,no_fire,0.2728008254716981,40.97024370701258,-121.9513390012905,288.2430188679245,276.90915094339624,2019-03-30,277
6869077.545483173,no_fire,0.4057625,39.70520832976771,-123.6189780760617,288.55500000000006,277.375,2019-03-30,277
18031328.55689333,no_fire,0.34055714285714284,40.415674599545156,-122.64873549246609,297.9542857142858,279.6971428571428,2019-03-30,277
10303616.31822476,no_fire,0.0899625,33.41527777477699,-115.24668364941604,309.1766666666667,286.42333333333335,2019-03-30,277
5151808.15911238,no_fire,0.315125,36.94999999668179,-120.52753702352241,303.8400000000001,281.5933333333333,2019-03-30,277
4293173.465926983,no_fire,0.26106,36.61749999671164,-121.81434853885864,295.8760000000001,282.748,2019-04-07,285
6869077.545483173,no_fire,0.3149500000000001,40.2552083297183,-122.18302470313965,293.01,281.06499999999994,2019-04-07,285
41214465.27289904,fire,0.23315769230769232,40.95833332965516,-122.58676561161668,284.17744680851064,276.2154285714286,2019-04-07,285
32628118.34104507,fire,,41.838596487470845,-123.61735422363486,,266.28999999999996,2019-04-07,285
6010442.852297776,fire,0.2681714285714286,34.238690473115746,-117.43538377712692,,,2019-04-07,285
1717269.3863707932,fire,0.33665,37.02499999667505,-120.20281943770676,296.83000000000004,282.78,2019-04-07,285
1717269.3863707932,fire,0.2509,36.64999999670872,-119.63568285357549,304.98,282.64,2019-04-07,285
2575904.07955619,no_fire,0.27390000000000003,38.84305555206734,-121.26412606641392,300.9866666666667,283.8666666666667,2019-04-07,285
2575904.07955619,no_fire,0.3229666666666667,38.85138888539992,-122.91551672818859,290.55333333333334,281.24,2019-04-07,285
2575904.07955619,no_fire,0.3765000000000001,36.40972221895253,-118.95569582736941,296.2999999999999,283.84666666666664,2019-04-07,285
2575904.07955619,no_fire,0.29305,34.34305555247145,-118.31571245519596,301.6333333333334,281.86,2019-04-15,293
67832140.76164633,no_fire,0.24220949367088604,34.17652953279583,-116.88480072494512,294.14430379746835,277.5908860759494,2019-04-15,293
17172693.863707934,no_fire,0.2274725,36.79166666336267,-120.83990929263584,309.81,286.4070000000001,2019-04-15,293
9444981.625039363,no_fire,0.4195,38.44053029957824,-121.99931992608771,299.8654545454546,285.83272727272725,2019-04-15,293
534929413.8545021,fire,0.15195073770491804,40.67451176734785,-122.63621677301117,295.56582857142854,283.06085385878487,2019-04-15,293
9444981.625039363,fire,0.3219318181818182,36.551893936111476,-119.40583757886719,305.03,286.93454545454546,2019-04-15,293
18031328.55689333,fire,0.32870714285714286,39.14821428219866,-121.76105971256398,302.7368421052631,284.9376470588235,2019-04-15,293
7727712.238668569,fire,0.2623125,39.44861110756852,-121.89581937528916,303.5555555555555,284.70799999999997,2019-04-15,293
5151808.15911238,fire,0.32170000000000004,40.35694444082027,-121.17747066027299,,276.076,2019-04-15,293
3434538.7727415864,no_fire,0.3192625,37.27708332998575,-119.92870724938363,300.9,285.315,2019-04-15,293
30052214.26148888,fire,,37.56273809186485,-119.17568276046227,289.4314285714285,278.6942857142856,2019-04-23,301
82428930.54579808,fire,0.10661166666666669,40.62586805190723,-120.8465359353837,300.61727272727273,279.714375,2019-04-23,301
48083542.81838221,fire,0.22688500000000006,41.932142853377236,-123.54560495813512,290.8333333333333,279.6045833333333,2019-04-23,301
424165538.43358594,fire,0.23835526315789474,39.10892374817482,-122.90983279085383,305.35125506072876,287.0133603238867,2019-04-23,301
31769483.647859674,no_fire,0.3658648648648649,36.75979729399617,-119.22155567111231,303.57351351351343,289.37945945945944,2019-04-23,301
302239412.0012596,fire,0.21499794117647059,37.641193178437895,-119.79726045272263,301.9301136363636,285.18514285714286,2019-04-23,301
5151808.15911238,no_fire,0.29861666666666664,38.64166666319654,-120.52429827717368,297.0433333333333,285.12000000000006,2019-04-23,301
6010442.852297776,no_fire,0.4371,40.873214282043755,-123.922743757102,291.57142857142856,281.5857142857143,2019-04-23,301
5151808.15911238,no_fire,0.3255333333333334,39.16666666314939,-123.11709299094255,298.69666666666666,286.3333333333333,2019-04-23,301
35204022.42060126,no_fire,0.35271951219512204,35.63384146021461,-119.14770911472681,310.62439024390244,289.6160975609756,2019-04-23,301
28334944.87511809,no_fire,0.3318242424242425,40.45871211757882,-121.9861157330252,303.2757575757576,285.56606060606066,2019-05-01,309
593316572.991109,fire,0.16422040520984083,39.23314640265138,-122.77914932332713,305.1994211287988,283.67127536231885,2019-05-01,309
11162251.011410156,no_fire,0.3504307692307692,39.33365384262157,-120.87209739222715,292.86,282.59538461538466,2019-05-01,309
6869077.545483173,no_fire,0.3823562500000001,39.88020832975198,-121.59911536569794,293.7675000000001,282.545,2019-05-01,309
6010442.852297776,no_fire,0.3020642857142857,39.669642853580406,-120.92629089828243,290.14857142857136,278.39142857142855,2019-05-01,309
6869077.545483173,fire,0.28873571428571426,36.57812499671518,-119.46974001125956,307.34000000000003,287.6175,2019-05-01,309
18031328.55689333,fire,0.28250384615384616,36.58749999671434,-119.60916136034291,308.71809523809526,287.9873684210526,2019-05-01,309
10303616.31822476,fire,0.3027708333333333,38.679166663193165,-121.6086412290316,303.18833333333333,285.4890909090909,2019-05-01,309
11162251.011410156,fire,0.3664846153846154,39.30865384262382,-121.63252285147544,302.8261538461539,286.11538461538464,2019-05-01,309
7727712.238668568,no_fire,0.3613333333333333,34.179166663597286,-117.87387621563705,295.13777777777784,284.1844444444444,2019-05-01,309
5151808.15911238,fire,0.3289166666666667,39.67222221865954,-122.31532190403932,309.46666666666664,289.68000000000006,2019-05-09,317
7727712.238668569,fire,0.3600666666666667,39.87916666308541,-120.47017360882919,303.2533333333334,280.08444444444444,2019-05-09,317
26617675.488747295,fire,0.18005000000000002,41.0598118242697,-122.47562408389635,302.06,289.56,2019-05-09,317
9444981.625039363,fire,0.2650545454545455,40.94583332965629,-122.52981270345799,297.9109090909091,288.2266666666667,2019-05-09,317
12020885.704595553,fire,0.18656666666666666,41.832738091481396,-123.58922098143535,296.9214285714285,283.6171428571428,2019-05-09,317
28334944.87511809,no_fire,0.2264151515151515,35.658964643262365,-120.46741342413816,310.30424242424243,284.72121212121215,2019-05-09,317
4293173.465926983,no_fire,0.29336,39.3591666631321,-121.57169460487827,307.968,288.884,2019-05-09,317
9444981.625039363,no_fire,0.3417,37.31553029967925,-120.6949111841332,307.84,287.99272727272734,2019-05-09,317
9444981.625039363,no_fire,0.3508272727272728,39.182196966178296,-123.1364696160415,300.65454545454554,286.3872727272728,2019-05-09,317
16314059.170522535,no_fire,0.3298842105263158,38.05065789131978,-120.7100122680425,306.4842105263158,284.97473684210536,2019-05-09,317
106470701.95498918,no_fire,0.07390403225806452,35.085215050612696,-116.24334786873956,311.0808064516129,285.89645161290326,2019-05-17,325
6010442.852297776,no_fire,0.27973571428571425,38.62440475843618,-122.32231733121556,297.22285714285715,283.6257142857143,2019-05-17,325
2575904.07955619,no_fire,0.2971,41.95972221845412,-122.32845551026413,301.9866666666667,277.88000000000005,2019-05-17,325
5151808.15911238,fire,0.41245000000000004,39.34027777424491,-120.88658965024334,,278.08666666666664,2019-05-17,325
17172693.863707934,no_fire,0.30406999999999995,38.873749996509034,-122.13015502601624,298.545,283.35299999999995,2019-05-17,325
4293173.465926983,fire,0.29953,36.02083333009856,-120.75763882200951,,,2019-05-17,325
7727712.238668569,fire,0.3983722222222223,38.95138888539095,-122.08147967119248,296.60999999999996,283.9266666666667,2019-05-17,325
4293173.465926983,fire,0.22257,37.73916666327758,-121.5501439349699,,,2019-05-17,325
5151808.15911238,no_fire,0.3347583333333333,32.791666663721884,-115.36275417778792,309.96666666666664,287.08,2019-05-17,325
5151808.15911238,fire,0.23167500000000002,33.731944441415216,-116.93863382474642,,,2019-05-17,325
41214465.27289904,no_fire,0.37215,37.12934027444346,-120.33764486612284,303.0095833333333,287.0133333333333,2019-05-25,333
1717269.3863707932,no_fire,0.1055,35.737499996790675,-115.55973288385508,316.13,285.22,2019-05-25,333
12879520.39778095,no_fire,0.16561333333333336,35.756388885677865,-120.56245909129551,308.31866666666673,283.5346666666667,2019-05-25,333
17172693.863707934,fire,0.3333210526315789,38.40166666321809,-121.79043523572723,306.352,286.45799999999997,2019-05-25,333
24900406.102376502,fire,0.22786800000000004,38.998419536727724,-121.79073638227368,304.60428571428577,291.312,2019-05-25,333
9444981.625039363,fire,0.32821818181818185,40.04886363276714,-122.0198209167674,302.5436363636364,,2019-05-25,333
26617675.488747295,fire,0.26121935483870967,39.53561827601948,-121.90202936670872,302.8290322580645,290.30222222222227,2019-05-25,333
20607232.63644952,fire,0.36891428571428575,35.048611107963644,-118.93599516657292,303.57916666666665,287.8417391304348,2019-05-25,333
25759040.7955619,no_fire,0.3875533333333333,33.101944441471794,-115.38999771098361,307.32866666666666,288.278,2019-05-25,333
9444981.625039363,no_fire,0.1813636363636364,39.092045451034885,-121.78612657279274,306.0690909090909,291.11272727272734,2019-05-25,333
7727712.238668569,fire,0.3558,37.10138888555708,-120.61589663771875,305.96666666666664,289.6466666666667,2019-06-02,341
2575904.07955619,fire,0.29852500000000004,34.384722219134375,-118.80203397038824,307.56,,2019-06-02,341
2575904.07955619,fire,0.29488333333333333,35.27638888572097,-118.79913625937452,313.2,291.68666666666667,2019-06-02,341
1717269.3863707932,fire,0.280525,38.53333332987293,-122.69160488115932,299.65999999999997,288.6,2019-06-02,341
2575904.07955619,no_fire,0.09045,33.976388885837714,-114.758177756178,328.12666666666667,298.4066666666667,2019-06-02,341
6010442.852297776,no_fire,0.3346785714285715,35.562499996806395,-121.03546139797028,299.9428571428571,285.0200000000001,2019-06-02,341
8586346.931853967,no_fire,0.4348,39.672499996437296,-123.72363833454835,292.85399999999987,287.80400000000003,2019-06-02,341
24900406.102376506,no_fire,0.3177500000000001,38.37399424942747,-122.5145979621924,302.491724137931,288.4006896551724,2019-06-02,341
24041771.409191106,no_fire,0.3184892857142857,39.99851190116992,-120.9103266571958,297.3257142857143,286.6092857142857,2019-06-02,341
23183136.71600571,fire,0.35934166666666667,36.50015431770984,-119.62049224329103,310.34296296296293,292.4232,2019-06-02,341
12879520.39778095,no_fire,0.3284733333333333,38.575833329869106,-122.48594929022312,305.8213333333333,289.77866666666665,2019-06-10,349
52376716.28430919,no_fire,0.17052950819672133,40.85211748267015,-120.4198070107551,311.77639344262315,284.39967213114755,2019-06-10,349
15455424.47733714,no_fire,0.3069833333333334,39.44027777423593,-121.3746822996801,303.57333333333327,291.1877777777778,2019-06-10,349
4293173.465926983,no_fire,0.20346000000000006,40.40916666303781,-122.5723556275119,317.204,295.13599999999997,2019-06-10,349
2575904.07955619,fire,0.207,33.26527777479046,-117.02420631191339,,,2019-06-10,349
1717269.3863707932,fire,0.3386,39.47499999645503,-122.28451327645799,312.79999999999995,292.41,2019-06-10,349
1717269.3863707932,fire,0.3729,39.48749999645391,-122.28489695393834,312.5,292.7,2019-06-10,349
2575904.07955619,fire,0.32889999999999997,39.156944440928044,-121.76388419618311,311.44666666666666,292.7133333333333,2019-06-10,349
2575904.07955619,fire,0.2508,39.16527777426063,-121.7675606899186,312.1133333333333,292.72,2019-06-10,349
7727712.238668568,no_fire,0.3557333333333333,33.137499997024165,-116.62132977553794,303.36,287.4777777777779,2019-06-10,349
1717269.3863707932,fire,,34.12499999693548,-117.94091543718542,,,2019-06-18,357
2575904.07955619,fire,0.46366666666666667,35.49861110792324,-119.43054896712526,316.77333333333337,293.6333333333334,2019-06-18,357
1717269.3863707932,fire,0.282775,36.299999996740155,-119.16382896927267,314.90999999999997,294.08,2019-06-18,357
1717269.3863707932,fire,,34.09583333027143,-117.52791972580108,,,2019-06-18,357
20607232.63644952,no_fire,0.2009854166666667,37.56770832995964,-120.20759711321391,313.5491666666667,293.6166666666667,2019-06-18,357
4293173.465926983,no_fire,0.20814000000000002,37.19249999666001,-121.072563284522,317.84399999999994,292.808,2019-06-18,357
2575904.07955619,no_fire,0.2275666666666667,38.5347222187617,-122.13822674193051,304.0733333333333,292.8066666666666,2019-06-18,357
5151808.15911238,no_fire,0.2288333333333333,35.99166666343451,-120.72533404041785,310.7266666666667,287.9066666666667,2019-06-18,357
9444981.625039363,no_fire,0.5236045454545455,39.623863632805296,-123.60496588386843,298.44545454545465,290.0745454545455,2019-06-18,357
1717269.3863707932,fire,0.15095,35.84999999678057,-119.34238568427905,,,2019-06-18,357
2575904.07955619,fire,0.28850000000000003,36.29305555229634,-119.16700680106486,313.22666666666663,293.0266666666667,2019-06-26,365
15455424.477337139,fire,0.43052,41.87175925549906,-121.50094128030473,300.9644444444445,282.3877777777778,2019-06-26,365
6869077.545483173,fire,0.2365375,35.46249999681537,-118.96936240830941,313.89428571428573,292.17142857142863,2019-06-26,365
12020885.704595553,no_fire,0.2992214285714286,37.066666663337976,-121.63693364442331,308.70714285714286,287.35,2019-06-26,365
75559853.0003149,no_fire,0.12617045454545456,34.273484845407,-116.32204619373579,327.65613636363634,295.9125,2019-06-26,365
19748597.943264127,no_fire,0.3917217391304348,41.120471010800024,-122.71505683943742,296.6417391304348,284.4452173913043,2019-06-26,365
4293173.465926983,no_fire,0.3883,35.674166663463026,-119.23995579856751,308.716,291.836,2019-06-26,365
4293173.465926983,no_fire,0.3160600000000001,41.67583332959072,-123.61563992867404,299.408,282.308,2019-06-26,365
6869077.545483173,fire,0.3213333333333333,37.00624999667673,-120.08968168689383,313.65999999999997,290.432,2019-06-26,365
8586346.931853967,fire,0.28719,39.01499999649634,-121.56021603018212,309.15000000000003,291.41,2019-06-26,365
